<window type="dialog">
	<defaultcontrol always="true">450</defaultcontrol>
	<coordinates>
		<system>1</system>
		<posx>200</posx>
		<posy>60</posy>
	</coordinates>
	<include>dialogeffect</include>
	<controls>
		<control type="image">
			<description>background image</description>
			<posx>0</posx>
			<posy>0</posy>
			<width>880</width>
			<height>600</height>
			<texture border="40">DialogBack.png</texture>
		</control>
		<control type="image">
			<description>background image</description>
			<posx>0</posx>
			<posy>0</posy>
			<width>880</width>
			<height>600</height>
			<texture border="40">DialogFront.png</texture>
		</control>
		<control type="label" id="2">
			<description>heading label</description>
			<posx>40</posx>
			<posy>40</posy>
			<width>800</width>
			<height>30</height>
			<align>center</align>
			<aligny>center</aligny>
			<font>font18</font>
			<label>$LOCALIZE[1036]</label>
			<textcolor>dialogheader</textcolor>
		</control>
		<control type="button">
			<description>Close Window button</description>
			<posx>810</posx>
			<posy>35</posy>
			<include>WindowCloseButtonCommons</include>
		</control>
		<control type="image">
			<posx>40</posx>
			<posy>80</posy>
			<width>800</width>
			<height>2</height>
			<texture>separator.png</texture>
		</control>
		<control type="list" id="450">
			<posx>45</posx>
			<posy>100</posy>
			<width>450</width>
			<height>450</height>
			<onleft>60</onleft>
			<onright>60</onright>
			<onup>450</onup>
			<ondown>450</ondown>
			<pagecontrol>60</pagecontrol>
			<scrolltime>200</scrolltime>
			<itemlayout height="40">
				<control type="image">
					<posx>0</posx>
					<posy>0</posy>
					<width>450</width>
					<height>35</height>
					<texture border="5">button-nofocus.png</texture>
				</control>
				<control type="label">
					<posx>10</posx>
					<posy>0</posy>
					<width>430</width>
					<height>35</height>
					<font>font12</font>
					<align>left</align>
					<aligny>center</aligny>
					<selectedcolor>green</selectedcolor>
					<info>ListItem.Label</info>
				</control>
			</itemlayout>
			<focusedlayout height="40">
				<control type="image">
					<posx>0</posx>
					<posy>0</posy>
					<width>450</width>
					<height>35</height>
					<visible>!Control.HasFocus(450)</visible>
					<texture border="3">button-nofocus.png</texture>
				</control>
				<control type="image">
					<posx>0</posx>
					<posy>0</posy>
					<width>450</width>
					<height>35</height>
					<visible>Control.HasFocus(450)</visible>
					<texture border="3">button-focus.png</texture>
				</control>
				<control type="label">
					<posx>10</posx>
					<posy>0</posy>
					<width>430</width>
					<height>35</height>
					<font>font12</font>
					<align>left</align>
					<aligny>center</aligny>
					<selectedcolor>green</selectedcolor>
					<info>ListItem.Label</info>
				</control>
			</focusedlayout>
		</control>
		<control type="scrollbar" id="60">
			<posx>500</posx>
			<posy>100</posy>
			<width>20</width>
			<height>450</height>
			<texturesliderbackground border="2,2,2,2">scrollbar_bar_back2.png</texturesliderbackground>
			<texturesliderbar border="2,16,2,16">scrollbar_bar.png</texturesliderbar>
			<texturesliderbarfocus border="2,16,2,16">scrollbar_bar_focus.png</texturesliderbarfocus>
			<textureslidernib>scrollbar_nib.png</textureslidernib>
			<textureslidernibfocus>scrollbar_nib.png</textureslidernibfocus>
			<onleft>450</onleft>
			<onright>450</onright>
			<ondown>60</ondown>
			<onup>60</onup>
			<showonepage>false</showonepage>
			<orientation>vertical</orientation>
		</control>
		<control type="label">
			<description>Page label</description>
			<posx>820</posx>
			<posy>520</posy>
			<width>300</width>
			<height>30</height>
			<align>right</align>
			<aligny>center</aligny>
			<font>font12b</font>
			<label>($INFO[Container(450).NumItems]) $LOCALIZE[31025] - $LOCALIZE[31024] ($INFO[Container(450).CurrentPage]/$INFO[Container(450).NumPages])</label>
			<visible>!Control.IsVisible(451)</visible>
		</control>
		<control type="image">
			<posx>530</posx>
			<posy>100</posy>
			<width>300</width>
			<height>410</height>
			<aspectratio aligny="top">keep</aspectratio>
			<texture>$INFO[Container(450).ListItem.Icon]</texture>
			<bordertexture border="5">button-focus2.png</bordertexture>
			<bordersize>5</bordersize>
			<visible>!IsEmpty(ListItem.Icon)</visible>
		</control>
	</controls>
</window>
