<window>
	<defaultcontrol always="true">9000</defaultcontrol>
	<coordinates>
		<system>1</system>
		<posx>165</posx>
		<posy>35</posy>
	</coordinates>
	<include>dialogeffect</include>
	<controls>
		<control type="group">
			<include>VisibleFadeEffect</include>
			<visible>!Window.isVisible(AddonSettings)</visible>
			<control type="image">
				<description>background image</description>
				<posx>0</posx>
				<posy>0</posy>
				<width>950</width>
				<height>660</height>
				<texture border="40">DialogBack.png</texture>
			</control>
			<control type="image">
				<description>background image</description>
				<posx>0</posx>
				<posy>0</posy>
				<width>950</width>
				<height>650</height>
				<texture border="40">DialogFront.png</texture>
			</control>
			<control type="label">
				<description>heading label</description>
				<posx>40</posx>
				<posy>40</posy>
				<width>870</width>
				<height>30</height>
				<align>center</align>
				<aligny>center</aligny>
				<font>font18</font>
				<label>$LOCALIZE[24003]</label>
				<textcolor>dialogheader</textcolor>
			</control>
			<control type="button">
				<description>Close Window button</description>
				<posx>880</posx>
				<posy>35</posy>
				<include>WindowCloseButtonCommons</include>
			</control>
			<control type="image">
				<posx>40</posx>
				<posy>79</posy>
				<width>870</width>
				<height>4</height>
				<texture>separator.png</texture>
			</control>
			<control type="label">
				<description>Addon Title value</description>
				<posx>40</posx>
				<posy>90</posy>
				<width>870</width>
				<height>30</height>
				<align>center</align>
				<aligny>center</aligny>
				<font>font18</font>
				<label>$INFO[ListItem.AddonName)]</label>
				<textcolor>green</textcolor>
			</control>
			<control type="group">
				<posx>50</posx>
				<posy>130</posy>
				<control type="label">
					<description>Author txt</description>
					<posx>0</posx>
					<posy>30</posy>
					<width>140</width>
					<height>25</height>
					<label>$LOCALIZE[21863]:</label>
					<align>left</align>
					<aligny>center</aligny>
					<font>font12</font>
					<textcolor>grey2</textcolor>
				</control>
				<control type="label">
					<description>Author Value</description>
					<posx>160</posx>
					<posy>30</posy>
					<width>440</width>
					<height>25</height>
					<label fallback="416">$INFO[ListItem.AddonCreator]</label>
					<align>left</align>
					<aligny>center</aligny>
					<font>font12</font>
					<scroll>true</scroll>
				</control>
				<control type="label">
					<description>Version txt</description>
					<posx>0</posx>
					<posy>60</posy>
					<width>140</width>
					<height>25</height>
					<label>$LOCALIZE[24051]</label>
					<align>left</align>
					<aligny>center</aligny>
					<font>font12</font>
					<textcolor>grey2</textcolor>
				</control>
				<control type="label">
					<description>Version Value</description>
					<posx>160</posx>
					<posy>60</posy>
					<width>440</width>
					<height>25</height>
					<label fallback="416">$INFO[ListItem.AddonVersion]</label>
					<align>left</align>
					<aligny>center</aligny>
					<font>font12</font>
					<scroll>true</scroll>
				</control>
				<control type="label">
					<description>Rating txt</description>
					<posx>0</posx>
					<posy>90</posy>
					<width>140</width>
					<height>25</height>
					<label>$LOCALIZE[289]:</label>
					<align>left</align>
					<aligny>center</aligny>
					<font>font12</font>
					<textcolor>grey2</textcolor>
					<visible>!String.IsEmpty(ListItem.AddonSize)</visible>
				</control>
				<control type="image">
					<description>Rating value</description>
					<posx>155</posx>
					<posy>90</posy>
					<width>125</width>
					<height>25</height>
					<texture>$INFO[ListItem.AddonSize]</texture>
					<visible>!String.IsEmpty(ListItem.AddonSize)</visible>
				</control>
				<control type="label">
					<description>Summary txt</description>
					<posx>0</posx>
					<posy>120</posy>
					<width>140</width>
					<height>25</height>
					<label>$LOCALIZE[20037]:</label>
					<align>left</align>
					<aligny>center</aligny>
					<font>font12</font>
					<textcolor>grey2</textcolor>
				</control>
				<control type="fadelabel">
					<description>Summary Value</description>
					<posx>160</posx>
					<posy>120</posy>
					<width>440</width>
					<height>25</height>
					<label fallback="416">$INFO[ListItem.AddonSummary]</label>
					<align>left</align>
					<aligny>center</aligny>
					<font>font12</font>
					<scrollout>false</scrollout>
					<pauseatend>2000</pauseatend>
				</control>
				<control type="image">
					<posx>0</posx>
					<posy>160</posy>
					<width>600</width>
					<height>4</height>
					<texture>separator.png</texture>
				</control>
				<control type="label">
					<description>Description txt</description>
					<posx>0</posx>
					<posy>170</posy>
					<width>300</width>
					<height>25</height>
					<label>$LOCALIZE[21821]</label>
					<align>left</align>
					<aligny>center</aligny>
					<font>font12</font>
					<textcolor>grey2</textcolor>
				</control>
				<control type="group">
					<visible>!IsEmpty(ListItem.AddonDisclaimer) | !IsEmpty(ListItem.AddonBroken)</visible>
					<control type="label">
						<description>Description Page Count</description>
						<posx>520</posx>
						<posy>170</posy>
						<width>300</width>
						<height>25</height>
						<label>$INFO[Container(400).CurrentPage, $LOCALIZE[31024] (]$INFO[Container(400).NumPages,/,)]</label>
						<align>right</align>
						<aligny>center</aligny>
						<font>font12</font>
						<textcolor>grey</textcolor>
					</control>
					<control type="spincontrol" id="60">
						<description>Next page button</description>
						<posx>530</posx>
						<posy>170</posy>
						<subtype>page</subtype>
						<font></font>
						<onleft>61</onleft>
						<onright>9000</onright>
						<ondown>noop</ondown>
						<onup>noop</onup>
						<textcolor>white</textcolor>
						<showonepage>true</showonepage>
					</control>
					<control type="textbox" id="400">
						<description>Description</description>
						<posx>10</posx>
						<posy>195</posy>
						<width>580</width>
						<height>210</height>
						<font>font12</font>
						<align>justify</align>
						<textcolor>white</textcolor>
						<label>$INFO[ListItem.AddonDescription]</label>
						<pagecontrol>60</pagecontrol>
					</control>
					<control type="group">
						<visible>IsEmpty(ListItem.AddonBroken)</visible>
						<control type="label">
							<description>Disclaimer txt</description>
							<posx>0</posx>
							<posy>420</posy>
							<width>600</width>
							<height>25</height>
							<label>$LOCALIZE[24052]</label>
							<align>left</align>
							<aligny>center</aligny>
							<font>font12</font>
							<textcolor>orange</textcolor>
						</control>
						<control type="fadelabel">
							<description>Disclaimer Value</description>
							<posx>10</posx>
							<posy>445</posy>
							<width>830</width>
							<height>25</height>
							<label>$INFO[ListItem.AddonDisclaimer]</label>
							<align>left</align>
							<aligny>center</aligny>
							<font>font12</font>
							<scrollout>false</scrollout>
							<pauseatend>2000</pauseatend>
						</control>
					</control>
					<control type="group">
						<visible>!IsEmpty(ListItem.AddonBroken)</visible>
						<control type="label">
							<description>Disclaimer txt</description>
							<posx>0</posx>
							<posy>420</posy>
							<width>600</width>
							<height>25</height>
							<label>$LOCALIZE[24096]</label>
							<align>left</align>
							<aligny>center</aligny>
							<font>font12</font>
							<textcolor>orange</textcolor>
						</control>
						<control type="fadelabel">
							<description>Disclaimer Value</description>
							<posx>10</posx>
							<posy>445</posy>
							<width>830</width>
							<height>25</height>
							<label>$INFO[ListItem.AddonBroken]</label>
							<align>left</align>
							<aligny>center</aligny>
							<font>font12</font>
							<scrollout>false</scrollout>
							<pauseatend>2000</pauseatend>
						</control>
					</control>
				</control>
				<control type="group">
					<visible>IsEmpty(ListItem.AddonDisclaimer) + IsEmpty(ListItem.AddonBroken)</visible>
					<control type="label">
						<description>Description Page Count</description>
						<posx>520</posx>
						<posy>170</posy>
						<width>300</width>
						<height>25</height>
						<label>$INFO[Container(401).CurrentPage, $LOCALIZE[31024] (]$INFO[Container(401).NumPages,/,)]</label>
						<align>right</align>
						<aligny>center</aligny>
						<font>font12</font>
						<textcolor>grey</textcolor>
					</control>
					<control type="spincontrol" id="61">
						<description>Next page button</description>
						<posx>530</posx>
						<posy>170</posy>
						<subtype>page</subtype>
						<font></font>
						<onleft>9000</onleft>
						<onright>60</onright>
						<ondown>noop</ondown>
						<onup>noop</onup>
						<textcolor>white</textcolor>
						<showonepage>true</showonepage>
					</control>
					<control type="textbox" id="401">
						<description>Description</description>
						<posx>10</posx>
						<posy>195</posy>
						<width>580</width>
						<height>260</height>
						<font>font12</font>
						<align>justify</align>
						<textcolor>white</textcolor>
						<label>$INFO[ListItem.AddonDescription]</label>
						<pagecontrol>61</pagecontrol>
					</control>
				</control>
			</control>
			<control type="group" id="9000">
				<posx>690</posx>
				<posy>130</posy>
				<control type="button" id ="6">
					<description>Enable Addon button</description>
					<posx>0</posx>
					<posy>0</posy>
					<width>210</width>
					<height>35</height>
					<textoffsetx>20</textoffsetx>
					<label>24022</label>
					<font>font12</font>
					<align>center</align>
					<texturenofocus border="5">button-nofocus.png</texturenofocus>
					<texturefocus border="5">button-focus2.png</texturefocus>
					<onleft>60</onleft>
					<onright>60</onright>
					<onup>12</onup>
					<ondown>7</ondown>
				</control>
				<control type="button" id="7">
					<description>Disable Addon button</description>
					<posx>0</posx>
					<posy>40</posy>
					<width>210</width>
					<height>35</height>
					<textoffsetx>20</textoffsetx>
					<label>24021</label>
					<font>font12</font>
					<align>center</align>
					<texturenofocus border="5">button-nofocus.png</texturenofocus>
					<texturefocus border="5">button-focus2.png</texturefocus>
					<onleft>60</onleft>
					<onright>60</onright>
					<onup>6</onup>
					<ondown>9</ondown>
				</control>
				<control type="button" id="9">
					<description>Addon Settings</description>
					<posx>0</posx>
					<posy>80</posy>
					<width>210</width>
					<height>35</height>
					<textoffsetx>20</textoffsetx>
					<label>24020</label>
					<font>font12</font>
					<align>center</align>
					<texturenofocus border="5">button-nofocus.png</texturenofocus>
					<texturefocus border="5">button-focus2.png</texturefocus>
					<onleft>60</onleft>
					<onright>60</onright>
					<onup>7</onup>
					<ondown>8</ondown>
				</control>
				<control type="button" id="8">
					<description>Update Addon button</description>
					<posx>0</posx>
					<posy>120</posy>
					<width>210</width>
					<height>35</height>
					<textoffsetx>20</textoffsetx>
					<label>24069</label>
					<font>font12</font>
					<align>center</align>
					<texturenofocus border="5">button-nofocus.png</texturenofocus>
					<texturefocus border="5">button-focus2.png</texturefocus>
					<onleft>60</onleft>
					<onright>60</onright>
					<onup>9</onup>
					<ondown>12</ondown>
				</control>
				<control type="button" id="12">
					<description>Start installed addon</description>
					<posx>0</posx>
					<posy>160</posy>
					<width>210</width>
					<height>35</height>
					<textoffsetx>20</textoffsetx>
					<label>518</label>
					<font>font12</font>
					<align>center</align>
					<texturenofocus border="5">button-nofocus.png</texturenofocus>
					<texturefocus border="5">button-focus2.png</texturefocus>
					<onleft>60</onleft>
					<onright>60</onright>
					<onup>8</onup>
					<ondown>6</ondown>
				</control>
				<control type="image">
					<posx>0</posx>
					<posy>240</posy>
					<width>210</width>
					<height>230</height>
					<aspectratio>keep</aspectratio>
					<texture>$INFO[ListItem.Icon]</texture>
				</control>
			</control>
		</control>
	</controls>
</window>
