<window>
	<allowoverlay>no</allowoverlay>
	<include>dialogeffect</include>
	<coordinates>
		<system>1</system>
		<posx>240</posx>
		<posy>45</posy>
	</coordinates>
	<controls>
		<control type="group">
			<control type="image">
				<description>background image</description>
				<posx>0</posx>
				<posy>0</posy>
				<width>800</width>
				<height>650</height>
				<colordiffuse>DDFFFFFF</colordiffuse>
				<texture border="40">DialogBack.png</texture>
			</control>
			<control type="image">
				<description>background image</description>
				<posx>0</posx>
				<posy>0</posy>
				<width>800</width>
				<height>650</height>
				<texture border="40">DialogFront.png</texture>
			</control>
			<control type="label" id="2">
				<description>heading label</description>
				<posx>40</posx>
				<posy>40</posy>
				<width>720</width>
				<height>30</height>
				<align>center</align>
				<aligny>center</aligny>
				<font>font18</font>
				<label>$LOCALIZE[31250]</label>
				<textcolor>white</textcolor>
			</control>
			<control type="button">
				<description>Close Window button</description>
				<posx>730</posx>
				<posy>40</posy>
				<include>WindowCloseButtonCommons</include>
			</control> 
			<control type="image">
					<posx>40</posx>
					<posy>500</posy>
					<width>720</width>
					<height>2</height>
					<texture>separator.png</texture>
				</control>
			<control type="label" id="130">
				<description>local subtitle label</description>
				<posx>40</posx>
				<posy>505</posy>
				<width>720</width>
				<height>30</height>
				<align>center</align>
				<aligny>center</aligny>
				<font>font12</font>
				<textcolor>white</textcolor>
				<label>31357</label>
			</control>
			<control type="button" id="160">
					<description>Manual search button</description>
					<left>40</left>
					<top>563</top>
					
					<onright>150</onright>
					<onup>120</onup>
					
					<label>$LOCALIZE[24120]</label>
					<width>220</width>
					<height>35</height>
					<font>font12</font>
					<align>center</align>
					<textcolor>white</textcolor>
					<texturefocus border="3">button-focus2.png</texturefocus>
					<texturenofocus border="3">button-nofocus.png</texturenofocus>
			</control>
		    <control type="list" id="150">
					<left>298</left>
					<top>508</top>
					<width>450</width>
					<height>90</height>
					
					<onleft>160</onleft>
					<onright>141</onright>
					<onup>120</onup>
					
					<animation effect="slide" start="0,0" end="-10,0" time="0" condition="Control.IsVisible(141)">conditional</animation>
					<pagecontrol>141</pagecontrol>
					<viewtype label="535">list</viewtype>
					<scrolltime>200</scrolltime>
					<itemlayout width="450" height="30">
						<control type="image">
							<posx>0</posx>
							<posy>0</posy>
							<width>450</width>
							<height>30</height>
							<texture>button-nofocus.png</texture>
						</control>
						<control type="label">
							<left>40</left>
							<top>0</top>
							<width>230</width>
							<height>30</height>
							<font>font12</font>
							<aligny>center</aligny>
							<textcolor>gray</textcolor>
							<selectedcolor>white</selectedcolor>
							<align>left</align>
							<info>ListItem.Label</info>
						</control>
					</itemlayout>
					<focusedlayout width="405" height="30">
						<control type="image">
							<posx>0</posx>
							<posy>0</posy>
							<width>450</width>
							<height>30</height>
							<texture>button-nofocus.png</texture>
						</control>
						<control type="image">
							<posx>0</posx>
							<posy>0</posy>
							<width>450</width>
							<height>30</height>
							<texture>button-focus.png</texture>
							<visible>Control.HasFocus(150)</visible>
						</control>
						<control type="label">
							<left>40</left>
							<top>0</top>
							<width>230</width>
							<height>30</height>
							<font>font12</font>
							<aligny>center</aligny>
							<textcolor>gray</textcolor>
							<selectedcolor>white</selectedcolor>
							<align>left</align>
							<info>ListItem.Label</info>
						</control>
					</focusedlayout>
				</control>
				<control type="scrollbar" id="141">
					<posx>735</posx>
					<posy>508</posy>
					<width>20</width>
					<height>90</height>
					<texturesliderbackground border="2,2,2,2">scrollbar_bar_back2.png</texturesliderbackground>
					<texturesliderbar border="2,16,2,16">scrollbar_bar.png</texturesliderbar>
					<texturesliderbarfocus border="2,16,2,16">scrollbar_bar_focus.png</texturesliderbarfocus>
					<textureslidernib>scrollbar_nib.png</textureslidernib>
					<textureslidernibfocus>scrollbar_nib.png</textureslidernibfocus>
					<onleft>140</onleft>
					<showonepage>false</showonepage>
					<orientation>vertical</orientation>
				</control>
			<control type="group">
				<control type="label">
					<description>Video label</description>
					<left>40</left>
					<posy>80</posy>
					<width>760</width>
					<height>30</height>
					<font>font12</font>
					<label>$INFO[Player.Filename]</label>
					<align>left</align>
					<aligny>center</aligny>
					<textcolor>grey</textcolor>
					<shadowcolor>FF000000</shadowcolor>
				</control>
				<control type="image">
					<posx>40</posx>
					<posy>110</posy>
					<width>720</width>
					<height>2</height>
					<texture>separator.png</texture>
				</control>
				<control type="image" id="110">
					<description>Service Logo</description>
					<posx>15</posx>
					<posy>40</posy>
					<width>250</width>
					<height>40</height>
					<align>left</align>
					<aspectratio>keep</aspectratio>
				</control>
				<control type="label" id="140">
					<description>textarea</description>
					<posx>0</posx>
					<posy>112</posy>
					<width>800</width>
					<height>30</height>
					<font>font12</font>
					<textcolor>FFFFFFFF</textcolor>
					<align>center</align>
					<aligny>center</aligny>
					<wrapmultiline>true</wrapmultiline>
				</control>
				<control type="image">
					<posx>40</posx>
					<posy>142</posy>
					<width>720</width>
					<height>2</height>
					<texture>separator.png</texture>
				</control>
			</control>
		</control>
			<!-- ** Required ** Do not change <id>or<type>-->
			<control type="group">
				<control type="list" id="120">
					<posx>48</posx>
					<posy>150</posy>
					<width>700</width>
					<height>346</height>
					<onright>121</onright>
					<ondown>150</ondown>
					<viewtype label="535">list</viewtype>
					<pagecontrol>121</pagecontrol>
					<animation effect="slide" start="0,0" end="-10,0" time="0" condition="Control.IsVisible(121)">conditional</animation>
					<scrolltime>200</scrolltime>
					<itemlayout width="700" height="30">
						<control type="image">
							<posx>0</posx>
							<posy>0</posy>
							<width>700</width>
							<height>30</height>
							<texture>button-nofocus.png</texture>
						</control>
						<control type="image">
							<posx>5</posx>
							<posy>9</posy>
							<width>18</width>
							<height>12</height>
							<texture>xbmc_subtitles/flags/$INFO[ListItem.Thumb].gif</texture>
						</control>
						<control type="label">
							<posx>25</posx>
							<posy>0</posy>
							<width>90</width>
							<height>30</height>
							<font>font10</font>
							<aligny>center</aligny>
							<textcolor>FFFFFFFF</textcolor>
							<selectedcolor>FF0084FF</selectedcolor>
							<align>posx</align>
							<info>ListItem.Label</info>
						</control>
						<control type="label">
							<posx>120</posx>
							<posy>0</posy>
							<width>400</width>
							<height>30</height>
							<font>font10</font>
							<aligny>center</aligny>
							<textcolor>FFFFFFFF</textcolor>
							<selectedcolor>FF0084FF</selectedcolor>
							<align>left</align>
							<info>ListItem.Label2</info>
							<visible>!ListItem.property(sync)</visible>
						</control>
						<control type="label">
							<posx>120</posx>
							<posy>0</posy>
							<width>340</width>
							<height>30</height>
							<font>font10</font>
							<aligny>center</aligny>
							<textcolor>FFFFFFFF</textcolor>
							<selectedcolor>FF0084FF</selectedcolor>
							<align>left</align>
							<info>ListItem.Label2</info>
							<visible>ListItem.property(sync)</visible>
						</control>
						<control type="image">
							<posx>465</posx>
							<width>57</width>
							<aligny>center</aligny>
							<texture>xbmc_subtitles/icon_sync.png</texture>
							<aspectratio>keep</aspectratio>
							<visible>ListItem.property(sync)</visible>
						</control>
						<control type="image">
							<posx>525</posx>
							<width>38</width>
							<texture>xbmc_subtitles/icon_cc.png</texture>
							<aspectratio>keep</aspectratio>
							<aligny>center</aligny>
							<visible>ListItem.property(hearing_imp)</visible>
						</control>
						<control type="image">
							<posx>565</posx>
							<posy>0</posy>
							<width>120</width>
							<aligny>center</aligny>
							<aspectratio>keep</aspectratio>
							<texture>rating$INFO[ListItem.ActualIcon].png</texture>
						</control>
					</itemlayout>
					<focusedlayout width="700" height="30">
						<control type="image">
							<posx>0</posx>
							<posy>0</posy>
							<width>700</width>
							<height>30</height>
							<texture>button-nofocus.png</texture>
						</control>
						<control type="image">
							<posx>0</posx>
							<posy>0</posy>
							<width>700</width>
							<height>30</height>
							<texture>button-focus.png</texture>
							<visible>Control.HasFocus(120)</visible>
						</control>
						<control type="image">
							<posx>5</posx>
							<posy>9</posy>
							<width>18</width>
							<height>12</height>
							<texture>xbmc_subtitles/flags/$INFO[ListItem.Thumb].gif</texture>
						</control>
						<control type="label">
							<posx>25</posx>
							<posy>0</posy>
							<width>90</width>
							<height>30</height>
							<font>font10</font>
							<aligny>center</aligny>
							<textcolor>FFFFFFFF</textcolor>
							<selectedcolor>FF0084FF</selectedcolor>
							<align>posx</align>
							<info>ListItem.Label</info>
						</control>
						<control type="label">
							<posx>120</posx>
							<posy>0</posy>
							<width>400</width>
							<height>30</height>
							<font>font10</font>
							<aligny>center</aligny>
							<textcolor>FFFFFFFF</textcolor>
							<selectedcolor>FF0084FF</selectedcolor>
							<align>left</align>
							<info>ListItem.Label2</info>
							<visible>!ListItem.property(sync)</visible>
						</control>
						<control type="label">
							<posx>120</posx>
							<posy>0</posy>
							<width>340</width>
							<height>30</height>
							<font>font10</font>
							<aligny>center</aligny>
							<textcolor>FFFFFFFF</textcolor>
							<selectedcolor>FF0084FF</selectedcolor>
							<align>left</align>
							<info>ListItem.Label2</info>
							<visible>ListItem.property(sync)</visible>
						</control>
						<control type="image">
							<posx>465</posx>
							<width>57</width>
							<aligny>center</aligny>
							<texture>xbmc_subtitles/icon_sync.png</texture>
							<aspectratio>keep</aspectratio>
							<visible>ListItem.property(sync)</visible>
						</control>
						<control type="image">
							<posx>525</posx>
							<width>38</width>
							<texture>xbmc_subtitles/icon_cc.png</texture>
							<aspectratio>keep</aspectratio>
							<aligny>center</aligny>
							<visible>ListItem.property(hearing_imp)</visible>
						</control>
						<control type="image">
							<posx>565</posx>
							<posy>0</posy>
							<width>120</width>
							<aligny>center</aligny>
							<aspectratio>keep</aspectratio>
							<texture>rating$INFO[ListItem.ActualIcon].png</texture>
						</control>
					</focusedlayout>
				</control>
				<control type="scrollbar" id="121">
					<posx>735</posx>
					<posy>150</posy>
					<width>20</width>
					<height>346</height>
					<texturesliderbackground border="2,2,2,2">scrollbar_bar_back2.png</texturesliderbackground>
					<texturesliderbar border="2,16,2,16">scrollbar_bar.png</texturesliderbar>
					<texturesliderbarfocus border="2,16,2,16">scrollbar_bar_focus.png</texturesliderbarfocus>
					<textureslidernib>scrollbar_nib.png</textureslidernib>
					<textureslidernibfocus>scrollbar_nib.png</textureslidernibfocus>
					<onleft>120</onleft>
					<showonepage>false</showonepage>
					<orientation>vertical</orientation>
				</control>
			</control>
	</controls>
</window>
