<?xml version="1.0" encoding="UTF-8"?>
<window>
	<defaultcontrol always="true">50</defaultcontrol>
	<allowoverlay>no</allowoverlay>
	<views>50</views>
	<controls>
		<include>CommonBackground</include>
		<control type="group">
			<include>Window_OpenClose_Right_Panel_Animation</include>
			<include>ContentPanel</include>
			<include>CommonRootView</include><!-- view id = 50 -->
			<include>AllViewCommonPageControls</include>
			<include>CommonFileCount</include>
			<include>ScrollOffsetLabel</include>
		</control>
		<control type="group">
			<include>Window_OpenClose_Left_Panel_Animation</include>
			<include>CommonNowPlaying</include>
			<control id="9000" type="group">
				<posx>0</posx>
				<posy>130</posy>
				<control id="3" type="button">
					<description>Sort by button</description>
					<posx>0</posx>
					<posy>0</posy>
					<include>ButtonCommonValues</include>
					<label>103</label>
					<onleft>50</onleft>
					<onright>4</onright>
					<onup>611</onup>
					<ondown>21</ondown>
					<label>$LOCALIZE[31032]: $LOCALIZE[584]</label>
					<altlabel>$LOCALIZE[31032]: $LOCALIZE[585]</altlabel>
				</control>
				<control id="4" type="togglebutton">
					<description>Sort asc</description>
					<posx>250</posx>
					<posy>13</posy>
					<label></label>
					<onleft>3</onleft>
					<onright>50</onright>
					<onup>611</onup>
					<ondown>21</ondown>
				</control>
				<control id="21" type="button">
					<posx>0</posx>
					<posy>45</posy>
					<onleft>50</onleft>
					<onright>50</onright>
					<onup>4</onup>
					<ondown>22</ondown>
					<include>ButtonCommonValues</include>
				</control>
				<control id="22" type="radiobutton">
					<description>Only show current level</description>
					<include>ButtonCommonValues</include>
					<posx>0</posx>
					<posy>90</posy>
					<onleft>50</onleft>
					<onright>50</onright>
					<onup>21</onup>
					<ondown>20</ondown>
				</control>
				<control id="20" type="button">
					<posx>0</posx>
					<posy>135</posy>
					<include>ButtonCommonValues</include>
					<label>$LOCALIZE[192]</label>
					<onleft>50</onleft>
					<onright>50</onright>
					<onup>22</onup>
					<ondown>501</ondown>
				</control>
				<control id="501" type="button">
					<posx>0</posx>
					<posy>180</posy>
					<include>ButtonCommonValues</include>
					<onclick>ActivateWindow(systemsettings,logging)</onclick>
					<label>$LOCALIZE[5]</label>
					<onleft>50</onleft>
					<onright>50</onright>
					<onup>20</onup>
					<ondown>610</ondown>
				</control>
				<control type="button" id="610">
					<description>Fake Button to fix Player Controls Navigation</description>
					<onup>501</onup>
					<ondown>603</ondown>
					<visible>false</visible>
				</control>
				<control type="group">
					<posx>0</posx>
					<posy>590</posy>
					<animation effect="slide" start="0,0" end="0,-45" time="0" condition="!Control.IsVisible(11)">conditional</animation>
					<include>CommonNowPlaying_Controls</include>
				</control>
				<control type="button" id="611">
					<description>Fake Button to fix Player Controls Navigation</description>
					<onup>603</onup>
					<ondown>3</ondown>
					<visible>false</visible>
				</control>
			</control>
		</control>
		<control type="image">
			<posx>0</posx>
			<posy>0</posy>
			<width>1280</width>
			<height>128</height>
			<texture>Header.png</texture>
		</control>
		<control type="label">
			<include>WindowTitleCommons</include>
			<label>$LOCALIZE[9] - $LOCALIZE[14114]</label>
		</control>
		<include>WindowTitleButtonsMedia</include>
		<include>BehindDialogFadeOut</include>
	</controls>
</window>
