<?xml version="1.0" encoding="UTF-8"?>
<window>
	<defaultcontrol always="true">50</defaultcontrol>
	<allowoverlay>no</allowoverlay>
	<views>50</views>
	<controls>
		<include>CommonBackground</include>
		<include>PVRMenu</include>
		<control type="image">
			<posx>0</posx>
			<posy>0</posy>
			<width>1280</width>
			<height>128</height>
			<texture>Header.png</texture>
		</control>
		<control type="group">
			<include>Window_OpenClose_Right_Panel_Animation</include>
			<include>ContentPanel</include>
			<include>ScrollOffsetLabel</include>
			<include>CommonFileCount</include>
			<description>Recordings group</description>
			<visible>Control.IsVisible(50)</visible>
			<control type="list" id="50">
				<posx>300</posx>
				<posy>130</posy>
				<width>650</width>
				<height>510</height>
				<onleft>9000</onleft>
				<onright>60</onright>
				<onup>50</onup>
				<ondown>50</ondown>
				<viewtype label="535">list</viewtype>
				<pagecontrol>60</pagecontrol>
				<scrolltime>200</scrolltime>
				<itemlayout height="40" width="635">
					<control type="image">
						<left>10</left>
						<top>5</top>
						<width>30</width>
						<height>30</height>
						<texture background="true" fallback="DefaultVideoCover.png">$INFO[ListItem.Icon]</texture>
						<aspectratio>keep</aspectratio>
					</control>
					<control type="label">
						<left>50</left>
						<top>0</top>
						<width>450</width>
						<height>40</height>
						<font>font13</font>
						<textcolor>grey2</textcolor>
						<selectedcolor>selected</selectedcolor>
						<align>left</align>
						<aligny>center</aligny>
						<label>$INFO[ListItem.Label]</label>
					</control>
					<control type="label">
						<left>225</left>
						<top>0</top>
						<width>400</width>
						<height>40</height>
						<font>font12</font>
						<textcolor>grey2</textcolor>
						<selectedcolor>selected</selectedcolor>
						<align>right</align>
						<aligny>center</aligny>
						<label>$INFO[ListItem.Date]</label>
					</control>
					<control type="image">
						<left>625</left>
						<top>14</top>
						<width>20</width>
						<height>16</height>
						<texture>$INFO[ListItem.Overlay]</texture>
						<aspectratio>keep</aspectratio>
						<visible>!ListItem.IsResumable</visible>
					</control>
					<control type="image">
						<left>625</left>
						<top>14</top>
						<width>16</width>
						<height>16</height>
						<texture>OverlayWatching.png</texture>
						<visible>ListItem.IsResumable</visible>
					</control>
				</itemlayout>
				<focusedlayout height="40" width="650">
					<control type="image">
						<left>0</left>
						<top>0</top>
						<width>650</width>
						<height>41</height>
						<texture border="2">list-focus.png</texture>
						<visible>Control.HasFocus(50)</visible>
						<include>VisibleFadeEffect</include>
					</control>
					<control type="image">
						<left>10</left>
						<top>5</top>
						<width>30</width>
						<height>30</height>
						<texture background="true" fallback="DefaultVideoCover.png">$INFO[ListItem.Icon]</texture>
						<aspectratio>keep</aspectratio>
					</control>
					<control type="label">
						<left>50</left>
						<top>0</top>
						<width>450</width>
						<height>40</height>
						<font>font13</font>
						<textcolor>white</textcolor>
						<selectedcolor>selected</selectedcolor>
						<align>left</align>
						<aligny>center</aligny>
						<label>$INFO[ListItem.Label]</label>
					</control>
					<control type="label">
						<left>225</left>
						<top>0</top>
						<width>400</width>
						<height>40</height>
						<font>font12</font>
						<textcolor>grey2</textcolor>
						<selectedcolor>selected</selectedcolor>
						<align>right</align>
						<aligny>center</aligny>
						<label>$INFO[ListItem.Date]</label>
					</control>
					<control type="image">
						<left>625</left>
						<top>14</top>
						<width>20</width>
						<height>16</height>
						<texture>$INFO[ListItem.Overlay]</texture>
						<aspectratio>keep</aspectratio>
						<visible>!ListItem.IsResumable</visible>
					</control>
					<control type="image">
						<left>625</left>
						<top>14</top>
						<width>16</width>
						<height>16</height>
						<texture>OverlayWatching.png</texture>
						<visible>ListItem.IsResumable</visible>
					</control>
				</focusedlayout>
			</control>
			<control type="scrollbar" id="60">
				<left>850</left>
				<top>78</top>
				<width>25</width>
				<height>560</height>
				<texturesliderbackground border="0,14,0,14">ScrollBarV.png</texturesliderbackground>
				<texturesliderbar border="0,14,0,14">ScrollBarV_bar.png</texturesliderbar>
				<texturesliderbarfocus border="0,14,0,14">ScrollBarV_bar_focus.png</texturesliderbarfocus>
				<textureslidernib>ScrollBarNib.png</textureslidernib>
				<textureslidernibfocus>ScrollBarNib.png</textureslidernibfocus>
				<onleft>50</onleft>
				<onright>102</onright>
				<showonepage>false</showonepage>
				<orientation>vertical</orientation>
			</control>

			<control type="group">
				<left>960</left>
				<top>130</top>
				<control type="image">
					<left>10</left>
					<top>0</top>
					<width>290</width>
					<height>200</height>
					<aspectratio aligny="bottom">keep</aspectratio>
					<fadetime>IconCrossfadeTime</fadetime>
					<texture fallback="DefaultVideoCover.png">$INFO[Container(50).ListItem.Icon]</texture>
					<bordertexture border="8">ThumbShadow.png</bordertexture>
					<bordersize>8</bordersize>
				</control>
				<control type="fadelabel">
					<left>10</left>
					<top>200</top>
					<width>290</width>
					<height>25</height>
					<label>$INFO[Container(50).ListItem.Title]</label>
					<align>center</align>
					<aligny>center</aligny>
					<font>font12</font>
					<textcolor>white</textcolor>
					<scrollout>false</scrollout>
					<pauseatend>1000</pauseatend>
				</control>
				<control type="textbox">
					<description>Description Value for TV Show</description>
					<left>10</left>
					<top>230</top>
					<width>290</width>
					<height>225</height>
					<font>font11</font>
					<align>justify</align>
					<textcolor>white</textcolor>
					<label>$INFO[Container(50).ListItem.Plot]</label>
					<autoscroll time="2000" delay="3000" repeat="5000">Skin.HasSetting(AutoScroll)</autoscroll>
				</control>
				<control type="image">
					<posx>0</posx>
					<posy>480</posy>
					<width>290</width>
					<height>2</height>
					<texture>separator.png</texture>
				</control>
				<control type="label">
					<description>Disk usage text</description>
					<left>10</left>
					<top>485</top>
					<width>290</width>
					<height>20</height>
					<label>$INFO[PVR.backenddiskspace]</label>
					<align>center</align>
					<aligny>center</aligny>
					<textcolor>grey</textcolor>
					<font>font11</font>
					<visible>!IntegerGreaterThan(PVR.backenddiskspaceprogr,100)</visible>
				</control>
				<control type="progress">
					<description>Disk usage bar</description>
					<left>10</left>
					<top>510</top>
					<width>290</width>
					<height>12</height>
					<info>PVR.backenddiskspaceprogr</info>
					<visible>!IntegerGreaterThan(PVR.backenddiskspaceprogr,100)</visible>
				</control>
			</control>
		</control>



		<control type="label">
			<include>WindowTitleCommons</include>
			<label>$LOCALIZE[9] - $LOCALIZE[31400]</label>
		</control>
		<include>WindowTitleButtonsMedia</include>
		<include>BehindDialogFadeOut</include>
	</controls>
</window>

