<?xml version="1.0" encoding="UTF-8"?>
<includes>
	<include name="TVShowListView">
		<control type="list" id="59">
			<visible>Container.Content(TVShows)</visible>
			<posx>860</posx>
			<posy>130</posy>
			<width>390</width>
			<height>510</height>
			<onleft>9000</onleft>
			<onright>60</onright>
			<onup>59</onup>
			<ondown>59</ondown>
			<viewtype label="$LOCALIZE[544]">list</viewtype>
			<pagecontrol>60</pagecontrol>
			<scrolltime>200</scrolltime>
			<itemlayout height="30" width="390">
				<control type="label">
					<posx>10</posx>
					<posy>0</posy>
					<width>350</width>
					<height>30</height>
					<font>font12</font>
					<textcolor>white</textcolor>
					<selectedcolor>green</selectedcolor>
					<align>left</align>
					<aligny>center</aligny>
					<info>ListItem.Label</info>
				</control>
				<control type="image">
					<posx>360</posx>
					<posy>4</posy>
					<width>30</width>
					<height>22</height>
					<texture>$INFO[ListItem.Overlay,List]</texture>
				</control>
			</itemlayout>
			<focusedlayout height="30" width="390">
				<control type="image">
					<posx>0</posx>
					<posy>0</posy>
					<width>390</width>
					<height>30</height>
					<texture border="7">list-focus.png</texture>
					<visible>Control.HasFocus(59)</visible>
					<include>VisibleFadeEffect</include>
				</control>
				<control type="label">
					<posx>10</posx>
					<posy>0</posy>
					<width>350</width>
					<height>30</height>
					<font>font12</font>
					<textcolor>white</textcolor>
					<selectedcolor>green</selectedcolor>
					<align>left</align>
					<aligny>center</aligny>
					<info>ListItem.Label</info>
				</control>
				<control type="image">
					<posx>360</posx>
					<posy>4</posy>
					<width>30</width>
					<height>22</height>
					<texture>$INFO[ListItem.Overlay,List]</texture>
				</control>
			</focusedlayout>
		</control>
		<control type="group">
			<visible>Control.IsVisible(59) + Container.Content(TVShows)</visible>
			<posx>300</posx>
			<posy>140</posy>
			<control type="image">
				<posx>0</posx>
				<posy>0</posy>
				<width>550</width>
				<height>120</height>
				<aspectratio aligny="bottom">keep</aspectratio>
				<texture background="true">$VAR[BannerThumb]</texture>
				<fadetime>IconCrossfadeTime</fadetime>
			</control>
			<control type="image">
				<posx>0</posx>
				<posy>120</posy>
				<width>550</width>
				<height>120</height>
				<aspectratio aligny="top">keep</aspectratio>
				<texture background="true" flipy="true" diffuse="diffuse_mirror2.png">$VAR[BannerThumb]</texture>
				<fadetime>IconCrossfadeTime</fadetime>
			</control>
			<control type="label">
				<description>Episodes txt</description>
				<posx>115</posx>
				<posy>145</posy>
				<width>115</width>
				<height>25</height>
				<label>$LOCALIZE[20360]:</label>
				<align>right</align>
				<aligny>center</aligny>
				<font>font11</font>
				<textcolor>white</textcolor>
			</control>
			<control type="label">
				<description>Episodes Value</description>
				<posx>130</posx>
				<posy>145</posy>
				<width>420</width>
				<height>25</height>
				<label fallback="416">$INFO[listitem.episode] [COLOR=grey] ($INFO[ListItem.Property(WatchedEpisodes),, $LOCALIZE[16102]] - $INFO[ListItem.Property(UnWatchedEpisodes), , $LOCALIZE[16101]])[/COLOR]</label>
				<align>left</align>
				<aligny>center</aligny>
				<font>font11</font>
				<scroll>true</scroll>
			</control>
			<control type="label">
				<description>First Aired txt</description>
				<posx>115</posx>
				<posy>170</posy>
				<width>115</width>
				<height>25</height>
				<label>$LOCALIZE[20416]:</label>
				<align>right</align>
				<aligny>center</aligny>
				<font>font11</font>
				<textcolor>white</textcolor>
			</control>
			<control type="label">
				<description>First Aired Value</description>
				<posx>130</posx>
				<posy>170</posy>
				<width>420</width>
				<height>25</height>
				<label fallback="416">$INFO[listitem.premiered]</label>
				<align>left</align>
				<aligny>center</aligny>
				<font>font11</font>
				<scroll>true</scroll>
			</control>
			<control type="label">
				<description>Genre txt</description>
				<posx>115</posx>
				<posy>195</posy>
				<width>115</width>
				<height>25</height>
				<label>$LOCALIZE[515]:</label>
				<align>right</align>
				<aligny>center</aligny>
				<font>font11</font>
				<textcolor>white</textcolor>
			</control>
			<control type="label">
				<description>Genre Value</description>
				<posx>130</posx>
				<posy>195</posy>
				<width>420</width>
				<height>25</height>
				<label fallback="416">$INFO[listitem.Genre]</label>
				<align>left</align>
				<aligny>center</aligny>
				<font>font11</font>
				<scroll>true</scroll>
			</control>
			<control type="image">
				<posx>0</posx>
				<posy>232</posy>
				<width>550</width>
				<height>4</height>
				<texture>separator.png</texture>
			</control>
		</control>
		<control type="textbox">
			<description>Description Value for TVShows</description>
			<posx>300</posx>
			<posy>390</posy>
			<width>550</width>
			<height>245</height>
			<font>font11</font>
			<align>justify</align>
			<textcolor>white</textcolor>
			<label>$INFO[ListItem.Plot]</label>
			<autoscroll time="2000" delay="3000" repeat="5000">Skin.HasSetting(AutoScroll)</autoscroll>
			<visible>Control.IsVisible(59) + Container.Content(TVShows)</visible>
		</control>
	</include>
	<include name="MovieDVDView">
		<control type="grouplist">
			<visible>Control.IsVisible(57)</visible>
			<posx>300</posx>
			<posy>180</posy>
			<width>970</width>
			<height>460</height>
			<onup>9000</onup>
			<ondown>61</ondown>
			<usecontrolcoords>true</usecontrolcoords>
			<control type="fixedlist" id="57">
				<visible>!Container.Content(Episodes) + !Container.Content(MusicVideos) + !Container.Content(Addons)</visible>
				<posx>-60</posx>
				<posy>0</posy>
				<width>1090</width>
				<height>460</height>
				<onleft>57</onleft>
				<onright>57</onright>
				<onup>9000</onup>
				<ondown>61</ondown>
				<viewtype label="31028">list</viewtype>
				<pagecontrol>61</pagecontrol>
				<scrolltime>200</scrolltime>
				<focusposition>2</focusposition>
				<movement>1</movement>
				<orientation>horizontal</orientation>
				<preloaditems>4</preloaditems>
				<itemlayout height="310" width="218">
					<control type="image">
						<posx>2</posx>
						<posy>0</posy>
						<width>214</width>
						<height>310</height>
						<aspectratio>keep</aspectratio>
						<bordertexture border="5">button-nofocus.png</bordertexture>
						<bordersize>5</bordersize>
						<texture background="true">$VAR[PosterThumb]</texture>
					</control>
					<control type="image">
						<posx>2</posx>
						<posy>310</posy>
						<width>214</width>
						<height>310</height>
						<aspectratio>keep</aspectratio>
						<bordertexture border="5" flipy="true" diffuse="diffuse_mirror2.png">button-nofocus.png</bordertexture>
						<bordersize>5</bordersize>
						<texture background="true" flipy="true" diffuse="diffuse_mirror2.png">$VAR[PosterThumb]</texture>
					</control>
					<control type="image">
						<posx>180</posx>
						<posy>275</posy>
						<width>35</width>
						<height>35</height>
						<aspectratio>keep</aspectratio>
						<texture>$INFO[ListItem.Overlay]</texture>
					</control>
				</itemlayout>
				<focusedlayout height="310" width="218">
					<control type="image">
						<posx>2</posx>
						<posy>0</posy>
						<width>214</width>
						<height>310</height>
						<aspectratio>keep</aspectratio>
						<bordertexture border="5">folder-focus.png</bordertexture>
						<bordersize>5</bordersize>
						<texture background="true">$VAR[PosterThumb]</texture>
						<animation reversible="false" effect="zoom" start="2,0,214,310" end="-8,-10,234,330" time="200">focus</animation>
						<animation reversible="false" effect="zoom" end="2,0,214,310" start="-8,-10,234,330" time="200">unfocus</animation>
					</control>
					<control type="image">
						<posx>2</posx>
						<posy>310</posy>
						<width>214</width>
						<height>310</height>
						<aspectratio>keep</aspectratio>
						<bordertexture border="5" flipy="true" diffuse="diffuse_mirror2.png">folder-focus.png</bordertexture>
						<bordersize>5</bordersize>
						<texture background="true" flipy="true" diffuse="diffuse_mirror2.png">$VAR[PosterThumb]</texture>
						<animation reversible="false" effect="zoom" start="2,310,214,310" end="-8,320,234,330" time="200">focus</animation>
						<animation reversible="false" effect="zoom" end="2,310,214,310" start="-8,320,234,330" time="200">unfocus</animation>
					</control>
					<control type="image">
						<posx>180</posx>
						<posy>275</posy>
						<width>35</width>
						<height>35</height>
						<aspectratio>keep</aspectratio>
						<texture>$INFO[ListItem.Overlay]</texture>
						<animation effect="slide" start="0,0" end="5,5" time="200">Focus</animation>
						<animation effect="slide" end="0,0" start="5,5" time="200">UnFocus</animation>
					</control>
				</focusedlayout>
			</control>
		</control>
		<control type="group">
			<visible>Control.IsVisible(57)</visible>
			<include>VisibleFadeEffect</include>
			<control type="label">
				<posx>300</posx>
				<posy>540</posy>
				<width>970</width>
				<height>35</height>
				<font>font18</font>
				<textcolor>white</textcolor>
				<scroll>true</scroll>
				<align>center</align>
				<aligny>center</aligny>
				<label>[UPPERCASE]$INFO[ListItem.Label][/UPPERCASE]</label>
			</control>
			<control type="label">
				<posx>300</posx>
				<posy>580</posy>
				<width>970</width>
				<height>35</height>
				<font>font11</font>
				<textcolor>grey2</textcolor>
				<scroll>true</scroll>
				<align>center</align>
				<aligny>center</aligny>
				<label>[UPPERCASE][B]$INFO[ListItem.Genre][/B][/UPPERCASE]</label>
				<visible>!Container.Content(Seasons)</visible>
			</control>
			<control type="label">
				<posx>300</posx>
				<posy>580</posy>
				<width>970</width>
				<height>35</height>
				<font>font11</font>
				<textcolor>grey2</textcolor>
				<scroll>true</scroll>
				<align>center</align>
				<aligny>center</aligny>
				<label>[B]$LOCALIZE[20360] - $INFO[ListItem.Property(WatchedEpisodes),, $LOCALIZE[16102]]$INFO[ListItem.Property(UnWatchedEpisodes), - , $LOCALIZE[16101]][/B]</label>
				<visible>Container.Content(Seasons)</visible>
			</control>
		</control>
	</include>
	<include name="MovieFanartView">
		<control type="list" id="56">
			<visible>Container.Content(Movies) | Container.Content(TVShows) | Container.Content(Seasons) | Container.Content(Episodes)</visible>
			<posx>300</posx>
			<posy>130</posy>
			<width>390</width>
			<height>510</height>
			<onleft>9000</onleft>
			<onright>60</onright>
			<onup>56</onup>
			<ondown>56</ondown>
			<viewtype label="31030">list</viewtype>
			<pagecontrol>60</pagecontrol>
			<scrolltime>200</scrolltime>
			<itemlayout height="30" width="390">
				<control type="label">
					<posx>10</posx>
					<posy>0</posy>
					<width>350</width>
					<height>30</height>
					<font>font12</font>
					<textcolor>white</textcolor>
					<selectedcolor>green</selectedcolor>
					<align>left</align>
					<aligny>center</aligny>
					<info>ListItem.Label</info>
				</control>
				<control type="image">
					<posx>360</posx>
					<posy>4</posy>
					<width>30</width>
					<height>22</height>
					<texture>$INFO[ListItem.Overlay,List]</texture>
				</control>
			</itemlayout>
			<focusedlayout height="30" width="390">
				<control type="image">
					<posx>0</posx>
					<posy>0</posy>
					<width>390</width>
					<height>30</height>
					<texture border="7">list-focus.png</texture>
					<visible>Control.HasFocus(56)</visible>
					<include>VisibleFadeEffect</include>
				</control>
				<control type="label">
					<posx>10</posx>
					<posy>0</posy>
					<width>350</width>
					<height>30</height>
					<font>font12</font>
					<textcolor>white</textcolor>
					<selectedcolor>green</selectedcolor>
					<align>left</align>
					<aligny>center</aligny>
					<label>$INFO[ListItem.Label]</label>
				</control>
				<control type="image">
					<posx>360</posx>
					<posy>4</posy>
					<width>30</width>
					<height>22</height>
					<texture>$INFO[ListItem.Overlay,List]</texture>
				</control>
			</focusedlayout>
		</control>
	</include>
	<include name="MovieFanartView_Extras">
		<control type="group">
			<visible>Control.IsVisible(56) + Container.Content(Movies)</visible>
			<animation effect="fade" time="600" delay="400">Visible</animation>
			<animation effect="fade" time="200">Hidden</animation>
			<control type="image">
				<posx>35</posx>
				<posy>395</posy>
				<width>230</width>
				<height>320</height>
				<aspectratio align="right" aligny="bottom">keep</aspectratio>
				<texture background="true">$VAR[PosterThumb]</texture>
				<fadetime>IconCrossfadeTime</fadetime>
				<bordertexture border="16">poster-shadow.png</bordertexture>
				<bordersize>16</bordersize>
			</control>
			<control type="image">
				<posx>220</posx>
				<posy>670</posy>
				<width>35</width>
				<height>35</height>
				<aspectratio>keep</aspectratio>
				<texture>$INFO[ListItem.Overlay]</texture>
			</control>
			<control type="label">
				<posx>280</posx>
				<posy>580</posy>
				<width>550</width>
				<height>30</height>
				<font>font18</font>
				<textcolor>white</textcolor>
				<shadowcolor>black</shadowcolor>
				<scroll>true</scroll>
				<align>left</align>
				<aligny>center</aligny>
				<label>[UPPERCASE]$INFO[ListItem.Title][/UPPERCASE]</label>
			</control>
			<control type="label">
				<posx>280</posx>
				<posy>620</posy>
				<width>550</width>
				<height>30</height>
				<font>font12</font>
				<textcolor>white</textcolor>
				<shadowcolor>black</shadowcolor>
				<scroll>true</scroll>
				<align>left</align>
				<aligny>center</aligny>
				<label>$INFO[ListItem.Genre]</label>
			</control>
			<control type="label">
				<posx>280</posx>
				<posy>645</posy>
				<width>550</width>
				<height>30</height>
				<font>font12</font>
				<textcolor>white</textcolor>
				<shadowcolor>black</shadowcolor>
				<scroll>true</scroll>
				<align>left</align>
				<aligny>center</aligny>
				<label>$INFO[ListItem.Year,$LOCALIZE[345] : ]$INFO[ListItem.Duration, - $LOCALIZE[2050] : ]</label>
			</control>
		</control>
		<control type="group">
			<visible>Control.IsVisible(56) + Container.Content(TVShows)</visible>
			<animation effect="fade" time="600" delay="400">Visible</animation>
			<animation effect="fade" time="200">Hidden</animation>
			<control type="label">
				<posx>40</posx>
				<posy>580</posy>
				<width>785</width>
				<height>30</height>
				<font>font18</font>
				<textcolor>white</textcolor>
				<shadowcolor>black</shadowcolor>
				<scroll>true</scroll>
				<align>center</align>
				<aligny>center</aligny>
				<label>[UPPERCASE]$INFO[ListItem.Title][/UPPERCASE]</label>
			</control>
		</control>
		<control type="group">
			<visible>Control.IsVisible(56) + Container.Content(Seasons)</visible>
			<animation effect="fade" time="600" delay="400">Visible</animation>
			<animation effect="fade" time="200">Hidden</animation>
			<control type="image">
				<posx>35</posx>
				<posy>395</posy>
				<width>230</width>
				<height>320</height>
				<aspectratio align="right" aligny="bottom">keep</aspectratio>
				<texture background="true">$VAR[PosterThumb]</texture>
				<fadetime>IconCrossfadeTime</fadetime>
				<bordertexture border="16">poster-shadow.png</bordertexture>
				<bordersize>16</bordersize>
			</control>
			<control type="image">
				<posx>220</posx>
				<posy>670</posy>
				<width>35</width>
				<height>35</height>
				<aspectratio>keep</aspectratio>
				<texture>$INFO[ListItem.Overlay]</texture>
			</control>
			<control type="label">
				<posx>270</posx>
				<posy>600</posy>
				<width>570</width>
				<height>30</height>
				<font>font18</font>
				<textcolor>white</textcolor>
				<shadowcolor>black</shadowcolor>
				<scroll>true</scroll>
				<align>left</align>
				<aligny>center</aligny>
				<label>$INFO[ListItem.Label]</label>
			</control>
			<control type="label">
				<posx>270</posx>
				<posy>640</posy>
				<width>570</width>
				<height>30</height>
				<font>font12</font>
				<textcolor>white</textcolor>
				<shadowcolor>black</shadowcolor>
				<scroll>true</scroll>
				<align>left</align>
				<aligny>center</aligny>
				<label>$INFO[ListItem.TVShowTitle]</label>
			</control>
			<control type="label">
				<posx>270</posx>
				<posy>670</posy>
				<width>570</width>
				<height>30</height>
				<font>font12</font>
				<textcolor>white</textcolor>
				<shadowcolor>black</shadowcolor>
				<scroll>true</scroll>
				<align>left</align>
				<aligny>center</aligny>
				<label>$INFO[ListItem.Property(WatchedEpisodes),, $LOCALIZE[16102]]$INFO[ListItem.Property(UnWatchedEpisodes), - , $LOCALIZE[16101]]</label>
			</control>
		</control>
		<control type="group">
			<visible>Control.IsVisible(56) + Container.Content(Episodes)</visible>
			<animation effect="fade" time="600" delay="400">Visible</animation>
			<animation effect="fade" time="200">Hidden</animation>
			<control type="image">
				<posx>25</posx>
				<posy>395</posy>
				<width>255</width>
				<height>320</height>
				<aspectratio align="right" aligny="bottom">keep</aspectratio>
				<texture background="true">$INFO[Listitem.Icon]</texture>
				<fadetime>IconCrossfadeTime</fadetime>
				<bordertexture border="16">poster-shadow.png</bordertexture>
				<bordersize>16</bordersize>
			</control>
			<control type="image">
				<posx>220</posx>
				<posy>670</posy>
				<width>35</width>
				<height>35</height>
				<aspectratio>keep</aspectratio>
				<texture>$INFO[ListItem.Overlay]</texture>
			</control>
			<control type="label">
				<posx>280</posx>
				<posy>580</posy>
				<width>550</width>
				<height>30</height>
				<font>font18</font>
				<textcolor>white</textcolor>
				<shadowcolor>black</shadowcolor>
				<scroll>true</scroll>
				<align>left</align>
				<aligny>center</aligny>
				<label>[UPPERCASE]$INFO[ListItem.Title][/UPPERCASE]</label>
			</control>
			<control type="label">
				<posx>280</posx>
				<posy>620</posy>
				<width>550</width>
				<height>30</height>
				<font>font12</font>
				<textcolor>white</textcolor>
				<shadowcolor>black</shadowcolor>
				<scroll>true</scroll>
				<align>left</align>
				<aligny>center</aligny>
				<label>$INFO[ListItem.Season,$LOCALIZE[20373]: ] &#32;&#32;&#32; $INFO[ListItem.Episode,$LOCALIZE[20359]: ]</label>
			</control>
			<control type="label">
				<posx>280</posx>
				<posy>645</posy>
				<width>550</width>
				<height>30</height>
				<font>font12</font>
				<textcolor>white</textcolor>
				<shadowcolor>black</shadowcolor>
				<scroll>true</scroll>
				<align>left</align>
				<aligny>center</aligny>
				<label>$INFO[ListItem.Premiered,$LOCALIZE[20416]: ]</label>
			</control>
		</control>
		<control type="textbox">
			<description>Plot Value for TVShow</description>
			<posx>40</posx>
			<posy>610</posy>
			<width>785</width>
			<height>90</height>
			<font>font11</font>
			<align>justify</align>
			<textcolor>white</textcolor>
			<shadowcolor>black</shadowcolor>
			<autoscroll time="2000" delay="3000" repeat="5000">Skin.HasSetting(AutoScroll)</autoscroll>
			<label>$INFO[ListItem.Plot]</label>
			<visible>Control.IsVisible(56) + Container.Content(TVShows)</visible>
		</control>
	</include>
	<include name="MoviesListView">
		<control type="list" id="58">
			<visible>Container.Content(movies) | Container.Content(Episodes)</visible>
			<posx>575</posx>
			<posy>130</posy>
			<width>675</width>
			<height>360</height>
			<onleft>9000</onleft>
			<onright>60</onright>
			<onup>58</onup>
			<ondown>58</ondown>
			<viewtype label="544">list</viewtype>
			<pagecontrol>60</pagecontrol>
			<scrolltime>200</scrolltime>
			<itemlayout height="30" width="675">
				<control type="label">
					<posx>10</posx>
					<posy>0</posy>
					<width>660</width>
					<height>30</height>
					<font>font12</font>
					<textcolor>white</textcolor>
					<selectedcolor>green</selectedcolor>
					<align>left</align>
					<aligny>center</aligny>
					<info>ListItem.Label</info>
				</control>
				<control type="label">
					<posx>645</posx>
					<posy>0</posy>
					<width>400</width>
					<height>30</height>
					<font>font12</font>
					<textcolor>grey2</textcolor>
					<selectedcolor>green</selectedcolor>
					<align>right</align>
					<aligny>center</aligny>
					<info>ListItem.Label2</info>
				</control>
				<control type="image">
					<posx>645</posx>
					<posy>4</posy>
					<width>30</width>
					<height>22</height>
					<texture>$INFO[ListItem.Overlay,List]</texture>
				</control>
			</itemlayout>
			<focusedlayout height="30" width="675">
				<control type="image">
					<posx>0</posx>
					<posy>0</posy>
					<width>675</width>
					<height>30</height>
					<texture border="7">list-focus.png</texture>
					<visible>Control.HasFocus(58)</visible>
					<include>VisibleFadeEffect</include>
				</control>
				<control type="label">
					<posx>10</posx>
					<posy>0</posy>
					<width>660</width>
					<height>30</height>
					<font>font12</font>
					<textcolor>white</textcolor>
					<selectedcolor>green</selectedcolor>
					<align>left</align>
					<aligny>center</aligny>
					<info>ListItem.Label</info>
				</control>
				<control type="label">
					<posx>645</posx>
					<posy>0</posy>
					<width>400</width>
					<height>30</height>
					<font>font12</font>
					<textcolor>grey2</textcolor>
					<selectedcolor>green</selectedcolor>
					<align>right</align>
					<aligny>center</aligny>
					<info>ListItem.Label2</info>
				</control>
				<control type="image">
					<posx>645</posx>
					<posy>4</posy>
					<width>30</width>
					<height>22</height>
					<texture>$INFO[ListItem.Overlay,List]</texture>
				</control>
			</focusedlayout>
		</control>
		<control type="group">
			<posx>300</posx>
			<posy>130</posy>
			<visible>Control.IsVisible(58)</visible>
			<control type="group">
				<visible>Container.Content(Movies)</visible>
				<control type="image">
					<posx>0</posx>
					<posy>0</posy>
					<width>270</width>
					<height>360</height>
					<aspectratio align="center" aligny="bottom">keep</aspectratio>
					<texture background="true">$VAR[PosterThumb]</texture>
					<fadetime>IconCrossfadeTime</fadetime>
				</control>
				<control type="image">
					<posx>0</posx>
					<posy>360</posy>
					<width>270</width>
					<height>360</height>
					<aspectratio align="center" aligny="top">keep</aspectratio>
					<texture background="true" flipy="true" diffuse="diffuse_mirror2.png">$VAR[PosterThumb]</texture>
					<fadetime>IconCrossfadeTime</fadetime>
				</control>
				<control type="image">
					<posx>225</posx>
					<posy>325</posy>
					<width>35</width>
					<height>35</height>
					<aspectratio>keep</aspectratio>
					<texture>$INFO[ListItem.Overlay]</texture>
				</control>
			</control>
			<control type="group">
				<visible>Container.Content(Episodes)</visible>
				<control type="image">
					<posx>0</posx>
					<posy>50</posy>
					<width>270</width>
					<height>200</height>
					<aspectratio aligny="bottom">keep</aspectratio>
					<texture background="true">$INFO[ListItem.Icon]</texture>
					<fadetime>IconCrossfadeTime</fadetime>
				</control>
				<control type="image">
					<posx>0</posx>
					<posy>250</posy>
					<width>270</width>
					<height>250</height>
					<aspectratio scalediffuse="false" aligny="top">keep</aspectratio>
					<texture background="true" flipy="true" diffuse="diffuse_mirror2.png">$INFO[ListItem.Icon]</texture>
					<fadetime>IconCrossfadeTime</fadetime>
				</control>
				<control type="image">
					<posx>225</posx>
					<posy>225</posy>
					<width>35</width>
					<height>35</height>
					<aspectratio>keep</aspectratio>
					<texture>$INFO[ListItem.Overlay]</texture>
				</control>
			</control>
			<control type="image">
				<posx>0</posx>
				<posy>370</posy>
				<width>950</width>
				<height>2</height>
				<texture>separator.png</texture>
			</control>
		</control>
		<control type="textbox">
			<description>Description Value for Item</description>
			<posx>300</posx>
			<posy>505</posy>
			<width>950</width>
			<height>135</height>
			<font>font11</font>
			<align>justify</align>
			<textcolor>white</textcolor>
			<label>$INFO[ListItem.Plot]</label>
			<autoscroll time="2000" delay="3000" repeat="5000">Skin.HasSetting(AutoScroll)</autoscroll>
			<visible>Control.IsVisible(58) + [Container.Content(Movies) | Container.Content(Episodes)]</visible>
		</control>
	</include>
</includes>
