<window>
	<defaultcontrol always="true">10</defaultcontrol>
	<coordinates>
		<system>1</system>
		<posx>430</posx>
		<posy>210</posy>
	</coordinates>
	<include>dialogeffect</include>
	<controls>
		<control type="image">
			<description>background image</description>
			<posx>0</posx>
			<posy>0</posy>
			<width>700</width>
			<height>300</height>
			<texture border="40">DialogBack.png</texture>
		</control>
		<control type="image">
			<description>background image</description>
			<posx>0</posx>
			<posy>0</posy>
			<width>700</width>
			<height>300</height>
			<texture border="40">DialogFront.png</texture>
		</control>
		<control type="label" id="1">
			<description>heading label</description>
			<posx>40</posx>
			<posy>40</posy>
			<width>620</width>
			<height>30</height>
			<align>center</align>
			<aligny>center</aligny>
			<font>font18</font>
			<label>13406</label>
			<textcolor>dialogheader</textcolor>
		</control>
		<control type="image">
			<posx>40</posx>
			<posy>78</posy>
			<width>620</width>
			<height>2</height>
			<texture>separator.png</texture>
		</control>
		<control type="label" id="2">
			<description>dialog line 1</description>
			<posx>40</posx>
			<posy>85</posy>
			<width>620</width>
			<height>30</height>
			<align>center</align>
			<aligny>center</aligny>
			<label>-</label>
			<font>font12</font>
		</control>
		<control type="label" id="3">
			<description>dialog line 2</description>
			<posx>40</posx>
			<posy>115</posy>
			<width>620</width>
			<height>30</height>
			<align>center</align>
			<aligny>center</aligny>
			<label>-</label>
			<font>font12</font>
		</control>
		<control type="label" id="4">
			<description>dialog line 3</description>
			<posx>40</posx>
			<posy>145</posy>
			<width>620</width>
			<height>30</height>
			<align>center</align>
			<aligny>center</aligny>
			<label>-</label>
			<font>font12</font>
		</control>
		<control type="button" id="11">
			<description>Yes button</description>
			<posx>145</posx>
			<posy>215</posy>
			<width>200</width>
			<height>35</height>
			<label>107</label>
			<font>font13</font>
			<textcolor>grey2</textcolor>
			<focusedcolor>white</focusedcolor>
			<align>center</align>
			<texturenofocus border="3">button-nofocus.png</texturenofocus>
			<texturefocus border="3">button-focus2.png</texturefocus>
			<onleft>10</onleft>
			<onright>10</onright>
			<onup>11</onup>
			<ondown>11</ondown>
		</control>
		<control type="button" id="10">
			<description>No button</description>
			<posx>355</posx>
			<posy>215</posy>
			<width>200</width>
			<height>35</height>
			<label>106</label>
			<font>font13</font>
			<textcolor>grey2</textcolor>
			<focusedcolor>white</focusedcolor>
			<align>center</align>
			<texturenofocus border="3">button-nofocus.png</texturenofocus>
			<texturefocus border="3">button-focus2.png</texturefocus>
			<onleft>11</onleft>
			<onright>11</onright>
			<onup>10</onup>
			<ondown>10</ondown>
		</control>
	</controls>
</window>