<?xml version="1.0" encoding="UTF-8"?>
<includes>
	<include name="PVRHeader">
		<control type="image">
			<description>Section header image</description>
			<left>20</left>
			<top>3</top>
			<width>35</width>
			<height>35</height>
			<aspectratio>keep</aspectratio>
			<texture>icon_video.png</texture>
		</control>
		<control type="grouplist">
			<left>65</left>
			<top>5</top>
			<width>1000</width>
			<height>30</height>
			<orientation>horizontal</orientation>
			<align>left</align>
			<itemgap>5</itemgap>
			<control type="label">
				<include>WindowTitleCommons</include>
				<label>$LOCALIZE[19020]</label>
				<visible>IsEmpty(Window.Property(IsRadio))</visible>
			</control>
			<control type="label">
				<include>WindowTitleCommons</include>
				<label>$LOCALIZE[19021]</label>
				<visible>!IsEmpty(Window.Property(IsRadio))</visible>
			</control>
			<control type="label">
				<include>WindowTitleCommons</include>
				<label>[COLOR=blue] - [/COLOR]$LOCALIZE[19019]</label>
				<visible>Window.IsActive(TVChannels) | Window.IsActive(RadioChannels)</visible>
			</control>
			<control type="label">
				<include>WindowTitleCommons</include>
				<label>[COLOR=blue] - [/COLOR]$LOCALIZE[22020]</label>
				<visible>Window.IsActive(TVGuide) | Window.IsActive(RadioGuide)</visible>
			</control>
			<control type="label">
				<include>WindowTitleCommons</include>
				<label>[COLOR=blue] - [/COLOR]$LOCALIZE[19017]</label>
				<visible>Window.IsActive(TVRecordings) | Window.IsActive(RadioRecordings)</visible>
			</control>
			<control type="label">
				<include>WindowTitleCommons</include>
				<label>[COLOR=blue] - [/COLOR]$LOCALIZE[19040]</label>
				<visible>Window.IsActive(TVTimers) | Window.IsActive(RadioTimers)</visible>
			</control>
			<control type="label">
				<include>WindowTitleCommons</include>
				<label>[COLOR=blue] - [/COLOR]$LOCALIZE[137]</label>
				<visible>Window.IsActive(TVSearch) | Window.IsActive(RadioSearch)</visible>
			</control>
			<control type="label">
				<include>WindowTitleCommons</include>
				<label>$INFO[Control.GetLabel(29),[COLOR=blue] - [/COLOR]]</label>
			</control>
			<control type="label">
				<include>WindowTitleCommons</include>
				<label>$INFO[Control.GetLabel(30),[COLOR=blue] - [/COLOR]]</label>
			</control>
		</control>
		<control type="label" id="29">
			<description>Empty so we can pass the values up one level</description>
			<visible>False</visible>
		</control>
		<control type="label" id="30">
			<description>Empty so we can pass the values up one level</description>
			<visible>False</visible>
		</control>
	</include>
	<include name="PVRSideBlade">

		<control type="group">
			<left>-250</left>
			<include>SideBladeLeft</include>
			<control type="grouplist" id="9000">
				<left>0</left>
				<top>60</top>
				<width>250</width>
				<height>600</height>
				<onleft>9000</onleft>
				<onright>50</onright>
				<onup>9000</onup>
				<ondown>9000</ondown>
				<itemgap>0</itemgap>
				<control type="label" id="200">
					<width>250</width>
					<height>35</height>
					<font>font12caps</font>
					<label>33063</label>
					<textcolor>blue</textcolor>
					<align>center</align>
					<aligny>center</aligny>
				</control>
				<control type="button" id="100">
					<description>Channels</description>
					<left>0</left>
					<top>0</top>
					<textwidth>235</textwidth>
					<include>ButtonCommonValues</include>
					<label>19019</label>
					<onclick condition="Window.IsActive(TVChannels) | Window.IsActive(RadioChannels)">NextChannelGroup</onclick>
					<onclick condition="IsEmpty(Window.Property(IsRadio))">ActivateWindow(TVChannels)</onclick>
					<onclick condition="!IsEmpty(Window.Property(IsRadio))">ActivateWindow(RadioChannels)</onclick>
				</control>
				<control type="button" id="101">
					<description>TV Guide</description>
					<left>0</left>
					<top>80</top>
					<textwidth>235</textwidth>
					<include>ButtonCommonValues</include>
					<label>22020</label>
					<onclick condition="Window.IsActive(TVGuide) | Window.IsActive(RadioGuide)">NextChannelGroup</onclick>
					<onclick condition="IsEmpty(Window.Property(IsRadio))">ActivateWindow(TVGuide)</onclick>
					<onclick condition="!IsEmpty(Window.Property(IsRadio))">ActivateWindow(RadioGuide)</onclick>
				</control>
				<control type="button" id="102">
					<description>Recordings</description>
					<left>0</left>
					<top>120</top>
					<textwidth>235</textwidth>
					<include>ButtonCommonValues</include>
					<label>19163</label>
					<onclick condition="IsEmpty(Window.Property(IsRadio))">ActivateWindow(TVRecordings)</onclick>
					<onclick condition="!IsEmpty(Window.Property(IsRadio))">ActivateWindow(RadioRecordings)</onclick>
				</control>
				<control type="button" id="103">
					<description>Timers</description>
					<left>0</left>
					<top>160</top>
					<textwidth>235</textwidth>
					<include>ButtonCommonValues</include>
					<label>19040</label>
					<onclick condition="IsEmpty(Window.Property(IsRadio))">ActivateWindow(TVTimers)</onclick>
					<onclick condition="!IsEmpty(Window.Property(IsRadio))">ActivateWindow(RadioTimers)</onclick>
				</control>
				<control type="button" id="104">
					<description>Search</description>
					<left>0</left>
					<top>200</top>
					<textwidth>235</textwidth>
					<include>ButtonCommonValues</include>
					<label>137</label>
					<onclick condition="IsEmpty(Window.Property(IsRadio))">ActivateWindow(TVSearch)</onclick>
					<onclick condition="!IsEmpty(Window.Property(IsRadio))">ActivateWindow(RadioSearch)</onclick>
				</control>
				<control type="label" id="201">
					<width>250</width>
					<height>35</height>
					<font>font12</font>
					<label>31006</label>
					<textcolor>blue</textcolor>
					<align>center</align>
					<aligny>center</aligny>
				</control>
				<control type="button" id="28">
					<description>Channel Groups</description>
					<left>0</left>
					<right>40</right>
					<textwidth>235</textwidth>
					<include>ButtonCommonValues</include>
					<label>-</label>
				</control>
				<control type="radiobutton" id="5">
					<description>Group recording items by folder structure</description>
					<left>0</left>
					<right>40</right>
					<textwidth>235</textwidth>
					<include>ButtonCommonValues</include>
					<label>19270</label>
					<visible>Window.IsActive(TVRecordings) | Window.IsActive(RadioRecordings)</visible>
				</control>
				<control type="button" id="2">
					<description>View As button</description>
					<left>0</left>
					<right>40</right>
					<textwidth>235</textwidth>
					<include>ButtonCommonValues</include>
					<label>-</label>
					<!-- <visible>Window.IsActive(TVGuide) | Window.IsActive(RadioGuide)</visible> -->
				</control>
				<control type="button" id="3">
					<description>Sort by button</description>
					<include>ButtonCommonValues</include>
					<label>103</label>
				</control>
				<control type="togglebutton" id="4">
					<description>Sort asc</description>
					<include>ButtonCommonValues</include>
					<alttexturefocus border="5">button-focus.png</alttexturefocus>
					<alttexturenofocus>-</alttexturenofocus>
					<label>31051</label>
					<altlabel>31050</altlabel>
					<usealttexture>Container.SortDirection(Ascending)</usealttexture>
				</control>
				<include>CommonNowPlaying_Controls</include>
			</control>
		</control>
	</include>
	<include name="PVRMenu">
	<control type="group">
			<include>Window_OpenClose_Left_Panel_Animation</include>
			<include>CommonNowPlaying</include>
			<control type="group" id="9000">
				<posx>0</posx>
				<posy>130</posy>
				<control type="button" id="3">
					<description>Sort by button</description>
					<posx>0</posx>
					<posy>0</posy>
					<include>SmallButtonCommonValues</include>
					<label>103</label>
					<onleft>50</onleft>
					<onright>4</onright>
					<onup>611</onup>
					<ondown>605</ondown>
				</control>
				<control type="togglebutton" id="4">
					<description>Sort asc</description>
					<posx>250</posx>
					<posy>13</posy>
					<label>-</label>
					<onleft>3</onleft>
					<onright>50</onright>
					<onup>613</onup>
					<ondown>605</ondown>
				</control>
				<control type="radiobutton" id="605">
					<description>Filter</description>
					<posx>0</posx>
					<posy>39</posy>
					<include>SmallButtonCommonValues</include>
					<label>587</label>
					<onleft>50</onleft>
					<onright>50</onright>
					<onup>3</onup>
					<ondown>607</ondown>
					<selected>Container.Filtered</selected>
					<visible>!Container.CanFilterAdvanced</visible>
				</control>
				<control type="radiobutton" id="606">
					<description>Advanced Filter</description>
					<posx>0</posx>
					<posy>39</posy>
					<include>SmallButtonCommonValues</include>
					<label>587</label>
					<onclick>Filter</onclick>
					<onleft>50</onleft>
					<onright>50</onright>
					<onup>3</onup>
					<ondown>607</ondown>
					<selected>Container.Filtered</selected>
					<visible>Container.CanFilterAdvanced</visible>
				</control>
				<control type="button" id="607">
					<description>Channels</description>
					<posx>0</posx>
					<posy>78</posy>
					<include>SmallButtonCommonValues</include>
					<label>19019</label>
					<onleft>50</onleft>
					<onright>50</onright>
					<onup>605</onup>
					<ondown>608</ondown>
					<onclick condition="Window.IsActive(TVChannels) | Window.IsActive(RadioChannels)">NextChannelGroup</onclick>
					<onclick>ActivateWindow(TVChannels)</onclick>
				</control>
				<control type="button" id="608">
					<description>EPG</description>
					<posx>0</posx>
					<posy>117</posy>
					<include>SmallButtonCommonValues</include>
					<label>22020</label>
					<onleft>50</onleft>
					<onright>50</onright>
					<onup>607</onup>
					<ondown>609</ondown>
					<onclick condition="Window.IsActive(TVGuide) | Window.IsActive(RadioGuide)">NextChannelGroup</onclick>
					<onclick>ActivateWindow(TVGuide)</onclick>
				</control>
				<control type="button" id="609">
					<description>Recordings</description>
					<posx>0</posx>
					<posy>156</posy>
					<include>SmallButtonCommonValues</include>
					<label>19163</label>
					<onleft>50</onleft>
					<onright>50</onright>
					<onup>608</onup>
					<ondown>612</ondown>
					<onclick>ActivateWindow(TVRecordings)</onclick>
				</control>
				<control type="button" id="612">
					<description>Timer</description>
					<posx>0</posx>
					<posy>195</posy>
					<include>SmallButtonCommonValues</include>
					<label>19040</label>
					<onleft>50</onleft>
					<onright>50</onright>
					<onup>609</onup>
					<ondown>613</ondown>
					<onclick>ActivateWindow(TVTimers)</onclick>
				</control>
				<control type="button" id="613">
					<description>Search</description>
					<posx>0</posx>
					<posy>234</posy>
					<include>SmallButtonCommonValues</include>
					<label>137</label>
					<onleft>50</onleft>
					<onright>50</onright>
					<onup>612</onup>
					<ondown>28</ondown>
					<onclick>ActivateWindow(TVSearch)</onclick>
				</control>
				<control type="button" id="28">
					<description>Channel Groups</description>
					<posx>0</posx>
					<posy>273</posy>
					<include>SmallButtonCommonValues</include>
					<label>-</label>
					<onleft>50</onleft>
					<onright>50</onright>
					<onup>613</onup>
					<ondown>610</ondown>
				</control>

				<control type="button" id="610">
					<description>Fake Button to fix Player Controls Navigation</description>
					<onup>28</onup>
					<ondown>603</ondown>
					<visible>false</visible>
				</control>
				<control type="group">
					<posx>0</posx>
					<posy>550</posy>
					<include>CommonNowPlaying_Controls</include>
				</control>
				<control type="button" id="611">
					<description>Fake Button to fix Player Controls Navigation</description>
					<onup>603</onup>
					<ondown>3</ondown>
					<visible>false</visible>
				</control>
			</control>
		</control>
	</include>
</includes>
