<window>
	<defaultcontrol>5</defaultcontrol>
	<coordinates>
		<system>1</system>
		<posx>240</posx>
		<posy>80</posy>
	</coordinates>
	<include>dialogeffect</include>
	<controls>
		<control type="image">
			<description>background image</description>
			<posx>0</posx>
			<posy>0</posy>
			<width>800</width>
			<height>560</height>
			<texture border="40">DialogBack.png</texture>
		</control>
		<control type="image">
			<description>background image</description>
			<posx>0</posx>
			<posy>0</posy>
			<width>800</width>
			<height>560</height>
			<texture border="40">DialogFront.png</texture>
		</control>
		<control type="label" id="2">
			<description>heading label</description>
			<posx>40</posx>
			<posy>40</posy>
			<width>720</width>
			<height>30</height>
			<align>center</align>
			<aligny>center</aligny>
			<font>font18</font>
			<label>-</label>
			<textcolor>dialogheader</textcolor>
		</control>
		<control type="button">
			<description>Close Window button</description>
			<posx>730</posx>
			<posy>35</posy>
			<include>WindowCloseButtonCommons</include>
		</control>
		<control type="image">
			<posx>40</posx>
			<posy>78</posy>
			<width>720</width>
			<height>2</height>
			<texture>separator.png</texture>
		</control>

		<control type="grouplist" id="5">
			<animation effect="slide" start="0,0" end="10,0" time="0" condition="!Control.IsVisible(60)">Conditional</animation>
			<description>control area</description>
			<posx>40</posx>
			<posy>85</posy>
			<width>693</width>
			<height>315</height>
			<itemgap>5</itemgap>
			<pagecontrol>60</pagecontrol>
			<onup>5</onup>
			<ondown>5</ondown>
			<onleft>9000</onleft>
			<onright>60</onright>
		</control>
		<control type="scrollbar" id="60">
		    <posx>734</posx>
		    <posy>85</posy>
		    <width>20</width>
		    <height>315</height>
		    <texturesliderbackground border="2,2,2,2">scrollbar_bar_back2.png</texturesliderbackground>
		    <texturesliderbar border="2,16,2,16">scrollbar_bar.png</texturesliderbar>
		    <texturesliderbarfocus border="2,16,2,16">scrollbar_bar_focus.png</texturesliderbarfocus>
		    <textureslidernib>scrollbar_nib.png</textureslidernib>
		    <textureslidernibfocus>scrollbar_nib.png</textureslidernibfocus>
		    <onleft>5</onleft>
		    <onright>5</onright>
		    <ondown>60</ondown>
		    <onup>60</onup>
		    <showonepage>false</showonepage>
		    <orientation>vertical</orientation>
		</control>


		<control type="sliderex" id="13">
			<description>Default Slider</description>
			<height>35</height>
			<texturefocus border="3">button-focus.png</texturefocus>
			<texturenofocus border="3">button-nofocus.png</texturenofocus>
			<font>font12</font>
			<textcolor>grey2</textcolor>
			<focusedcolor>white</focusedcolor>
			<orientation>horizontal</orientation>

		</control>
		<control type="button" id="7">
			<description>Default Button</description>
			<height>35</height>
			<font>font12</font>
			<textcolor>grey2</textcolor>
			<focusedcolor>white</focusedcolor>
			<texturefocus border="3">button-focus.png</texturefocus>
			<texturenofocus border="3">button-nofocus.png</texturenofocus>
		</control>
		<control type="radiobutton" id="8">
			<description>Default RadioButton</description>
			<height>35</height>
			<font>font12</font>
			<textcolor>grey2</textcolor>
			<focusedcolor>white</focusedcolor>
			<texturefocus border="3">button-focus.png</texturefocus>
			<texturenofocus border="3">button-nofocus.png</texturenofocus>
		</control>
		<control type="spincontrolex" id="9">
			<description>Default spincontrolex</description>
			<height>35</height>
			<texturefocus border="3">button-focus.png</texturefocus>
			<texturenofocus border="3">button-nofocus.png</texturenofocus>
			<font>font12</font>
			<textcolor>grey2</textcolor>
			<focusedcolor>white</focusedcolor>
			<reverse>yes</reverse>
		</control>
		<control type="image" id="11">
			<description>Default Seperator</description>
			<height>2</height>
			<texture>separator.png</texture>
		</control>
		<control type="edit" id="12">
			<description>Default Edit</description>
			<height>35</height>
			<font>font12</font>
			<textcolor>grey2</textcolor>
			<focusedcolor>white</focusedcolor>
			<texturefocus border="3">button-focus.png</texturefocus>
			<texturenofocus border="3">button-nofocus.png</texturenofocus>
		</control>
		<control type="label" id="14">
			<description>Default Label</description>
			<include>DefaultSettingLabel</include>
		</control>

		<control type="grouplist" id="9000">
			<posx>40</posx>
			<posy>460</posy>
			<orientation>horizontal</orientation>
			<width>720</width>
			<height>100</height>
			<itemgap>10</itemgap>
			<onleft>5</onleft>
			<align>center</align>
			<onright>5</onright>
			<include content="DefaultDialogButton">
				<param name="id" value="28" />
				<param name="label" value="" />
			</include>
			<include content="DefaultDialogButton">
				<param name="id" value="29" />
				<param name="label" value="" />
			</include>
			<include content="DefaultDialogButton">
				<param name="id" value="30" />
				<param name="label" value="" />
			</include>
		</control>

	</controls>
</window>
