<window>
	<defaultcontrol always="true">20</defaultcontrol>
	<controls>
		<include>CommonBackground</include>
		<control type="group">
			<include>Window_OpenClose_Right_Panel_Animation</include>
			<include>ContentPanel</include>
			<!-- Start General Skin Settings -->
			<control type="grouplist" id="9001">
				<visible>Skin.String(SkinSettings,1)</visible>
				<posx>300</posx>
				<posy>130</posy>
				<width>950</width>
				<height>510</height>
				<itemgap>2</itemgap>
				<pagecontrol>-</pagecontrol>
				<onleft>9000</onleft>
				<onright>9000</onright>
				<onup>9001</onup>
				<ondown>9001</ondown>
				<control type="label" id="100">
					<width>950</width>
					<height>45</height>
					<font>font18</font>
					<label>31106</label>
					<textcolor>dialogheader</textcolor>
					<align>center</align>
				</control>
				<control type="radiobutton" id="101">
					<width>950</width>
					<height>35</height>
					<font>font12</font>
					<label>$LOCALIZE[20079]</label>
					<textcolor>grey2</textcolor>
					<focusedcolor>white</focusedcolor>
					<texturefocus border="7">list-focus.png</texturefocus>
					<texturenofocus>-</texturenofocus>
					<textureradioon>radiobutton-focus-2.png</textureradioon>
					<onclick>Skin.ToggleSetting(Animate_Skin)</onclick>
					<selected>!Skin.HasSetting(Animate_Skin)</selected>
				</control>
				<control type="image" id="102">
					<width>950</width>
					<height>2</height>
					<texture>separator.png</texture>
				</control>
				<control type="radiobutton" id="103">
					<width>950</width>
					<height>35</height>
					<font>font12</font>
					<label>31104</label>
					<textcolor>grey2</textcolor>
					<focusedcolor>white</focusedcolor>
					<texturefocus border="7">list-focus.png</texturefocus>
					<texturenofocus>-</texturenofocus>
					<textureradioon>radiobutton-focus-2.png</textureradioon>
					<onclick>Skin.ToggleSetting(ShutdownUseHibernate)</onclick>
					<selected>Skin.HasSetting(ShutdownUseHibernate)</selected>
				</control>
				<control type="radiobutton" id="104">
					<width>950</width>
					<height>35</height>
					<font>font12</font>
					<label>20189</label>
					<textcolor>grey2</textcolor>
					<focusedcolor>white</focusedcolor>
					<texturefocus border="7">list-focus.png</texturefocus>
					<texturenofocus>-</texturenofocus>
					<textureradioon>radiobutton-focus-2.png</textureradioon>
					<onclick>Skin.ToggleSetting(AutoScroll)</onclick>
					<selected>Skin.HasSetting(AutoScroll)</selected>
				</control>
				<control type="radiobutton" id="105">
					<width>950</width>
					<height>35</height>
					<font>font12</font>
					<label>31103</label>
					<textcolor>grey2</textcolor>
					<focusedcolor>white</focusedcolor>
					<texturefocus border="7">list-focus.png</texturefocus>
					<texturenofocus>-</texturenofocus>
					<textureradioon>radiobutton-focus-2.png</textureradioon>
					<onclick>Skin.ToggleSetting(Show_SlideShow_Paused)</onclick>
					<selected>!Skin.HasSetting(Show_SlideShow_Paused)</selected>
				</control>
				<control type="radiobutton" id="106">
					<width>950</width>
					<height>35</height>
					<font>font12</font>
					<label>31105</label>
					<textcolor>grey2</textcolor>
					<focusedcolor>white</focusedcolor>
					<texturefocus border="7">list-focus.png</texturefocus>
					<texturenofocus>-</texturenofocus>
					<textureradioon>radiobutton-focus-2.png</textureradioon>
					<onclick>Skin.ToggleSetting(No_Media_Titles_In_Scanner)</onclick>
					<selected>!Skin.HasSetting(No_Media_Titles_In_Scanner)</selected>
				</control>
				<control type="image" id="107">
					<width>950</width>
					<height>2</height>
					<texture>separator.png</texture>
				</control>
				<control type="radiobutton" id="108">
					<width>950</width>
					<height>35</height>
					<font>font12</font>
					<label>31112</label>
					<textcolor>grey2</textcolor>
					<focusedcolor>white</focusedcolor>
					<texturefocus border="7">list-focus.png</texturefocus>
					<texturenofocus>-</texturenofocus>
					<textureradioon>radiobutton-focus-2.png</textureradioon>
					<onclick>Skin.ToggleSetting(Media_Titles_WideIcons)</onclick>
					<selected>!Skin.HasSetting(Media_Titles_WideIcons)</selected>
				</control>
				<control type="radiobutton" id="109">
					<width>950</width>
					<height>35</height>
					<font>font12</font>
					<label>31116</label>
					<textcolor>grey2</textcolor>
					<focusedcolor>white</focusedcolor>
					<texturefocus border="7">list-focus.png</texturefocus>
					<texturenofocus>-</texturenofocus>
					<textureradioon>radiobutton-focus-2.png</textureradioon>
					<onclick>Skin.ToggleSetting(Hide_Video_Flags)</onclick>
					<selected>Skin.HasSetting(Hide_Video_Flags)</selected>
				</control>
				<control type="radiobutton" id="115">
					<width>950</width>
					<height>35</height>
					<font>font12</font>
					<label>31118</label>
					<textcolor>grey2</textcolor>
					<focusedcolor>white</focusedcolor>
					<texturefocus border="7">list-focus.png</texturefocus>
					<texturenofocus>-</texturenofocus>
					<textureradioon>radiobutton-focus-2.png</textureradioon>
					<onclick>Skin.ToggleSetting(Show_Panel_Fanart)</onclick>
					<selected>!Skin.HasSetting(Show_Panel_Fanart)</selected>
				</control>
				<control type="image" id="110">
					<width>950</width>
					<height>2</height>
					<texture>separator.png</texture>
				</control>
				<control type="radiobutton" id="111">
					<width>950</width>
					<height>35</height>
					<font>font12</font>
					<label>31408</label>
					<textcolor>grey2</textcolor>
					<focusedcolor>white</focusedcolor>
					<texturefocus border="7">list-focus.png</texturefocus>
					<texturenofocus>-</texturenofocus>
					<textureradioon>radiobutton-focus-2.png</textureradioon>
					<onclick>Skin.ToggleSetting(Use_Startup_Playlist)</onclick>
					<selected>Skin.HasSetting(Use_Startup_Playlist)</selected>
				</control>
				<control type="button" id="112">
					<description>Startup Playlist Path</description>
					<width>950</width>
					<height>35</height>
					<font>font12</font>
					<textcolor>grey2</textcolor>
					<focusedcolor>white</focusedcolor>
					<label>15311</label>
					<label2>$INFO[Skin.String(Startup_Playlist_Path)]</label2>
					<onclick>Skin.SetFile(Startup_Playlist_Path,.m3u,t:\playlists\music\)</onclick>
					<texturefocus border="7">list-focus.png</texturefocus>
					<texturenofocus>-</texturenofocus>
					<enable>Skin.HasSetting(Use_Startup_Playlist)</enable>
				</control>
				<control type="image" id="113">
					<width>950</width>
					<height>2</height>
					<texture>separator.png</texture>
				</control>
				<control type="radiobutton" id="114">
					<width>950</width>
					<height>35</height>
					<font>font12</font>
					<label>31115</label>
					<textcolor>grey2</textcolor>
					<focusedcolor>white</focusedcolor>
					<texturefocus border="7">list-focus.png</texturefocus>
					<texturenofocus>-</texturenofocus>
					<textureradioon>radiobutton-focus-2.png</textureradioon>
					<onclick>Skin.ToggleSetting(Player_Show_Teletext_Button)</onclick>
					<selected>Skin.HasSetting(Player_Show_Teletext_Button)</selected>
				</control>
				<control type="image" id="410">
					<width>950</width>
					<height>2</height>
					<texture>separator.png</texture>
				</control>
				<control type="radiobutton" id="408">
					<width>950</width>
					<height>35</height>
					<font>font12</font>
					<label>$LOCALIZE[31207]</label>
					<textcolor>grey2</textcolor>
					<focusedcolor>white</focusedcolor>
					<texturefocus border="7">list-focus.png</texturefocus>
					<texturenofocus>-</texturenofocus>
					<textureradioon>radiobutton-focus-2.png</textureradioon>
					<onclick>Skin.ToggleSetting(SubtitleScript_Enable)</onclick>
					<selected>Skin.HasSetting(SubtitleScript_Enable)</selected>
				</control>
				<control type="image" id="410">
					<width>950</width>
					<height>2</height>
					<texture>separator.png</texture>
				</control>
			</control>
			<!-- End General Skin Settings -->
			<!-- Start Home Page Skin Settings -->
			<control type="grouplist" id="9002">
				<visible>Skin.String(SkinSettings,2)</visible>
				<posx>300</posx>
				<posy>130</posy>
				<width>950</width>
				<height>510</height>
				<itemgap>2</itemgap>
				<pagecontrol>-</pagecontrol>
				<onleft>9000</onleft>
				<onright>9000</onright>
				<onup>9002</onup>
				<ondown>9002</ondown>
				<control type="label" id="200">
					<width>950</width>
					<height>45</height>
					<font>font18</font>
					<label>31101</label>
					<textcolor>dialogheader</textcolor>
					<align>center</align>
				</control>
				<control type="radiobutton" id="207">
					<description>enable video info</description>
					<width>950</width>
					<height>35</height>
					<font>font12</font>
					<label>20176</label>
					<onclick>Skin.ToggleSetting(homepageVideoinfo)</onclick>
					<selected>!Skin.HasSetting(homepageVideoinfo)</selected>
					<textcolor>grey2</textcolor>
					<focusedcolor>white</focusedcolor>
					<texturefocus border="7">list-focus.png</texturefocus>
					<texturenofocus>-</texturenofocus>
					<textureradioon>radiobutton-focus-2.png</textureradioon>
				</control>
				<control type="radiobutton" id="208">
					<description>enable music info</description>
					<width>950</width>
					<height>35</height>
					<font>font12</font>
					<label>20083</label>
					<onclick>Skin.ToggleSetting(homepageMusicinfo)</onclick>
					<selected>!Skin.HasSetting(homepageMusicinfo)</selected>
					<textcolor>grey2</textcolor>
					<focusedcolor>white</focusedcolor>
					<texturefocus border="7">list-focus.png</texturefocus>
					<texturenofocus>-</texturenofocus>
					<textureradioon>radiobutton-focus-2.png</textureradioon>
				</control>
				<control type="radiobutton" id="209">
					<description>enable weather info</description>
					<width>950</width>
					<height>35</height>
					<font>font12</font>
					<label>20084</label>
					<onclick>Skin.ToggleSetting(homepageWeatherinfo)</onclick>
					<selected>!Skin.HasSetting(homepageWeatherinfo)</selected>
					<textcolor>grey2</textcolor>
					<focusedcolor>white</focusedcolor>
					<texturefocus border="7">list-focus.png</texturefocus>
					<texturenofocus>-</texturenofocus>
					<textureradioon>radiobutton-focus-2.png</textureradioon>
				</control>
				<control type="radiobutton" id="212">
					<description>Video Button always goes to file mode Toggle</description>
					<width>950</width>
					<height>35</height>
					<font>font12</font>
					<label>$LOCALIZE[31121]</label>
					<onclick>Skin.ToggleSetting(homepageVideoButtonAlwaysFilemode)</onclick>
					<selected>Skin.HasSetting(homepageVideoButtonAlwaysFilemode)</selected>
					<textcolor>grey2</textcolor>
					<focusedcolor>white</focusedcolor>
					<texturefocus border="7">list-focus.png</texturefocus>
					<texturenofocus>-</texturenofocus>
					<textureradioon>radiobutton-focus-2.png</textureradioon>
					<enable>!Skin.HasSetting(homepageHideVideoButton)</enable>
				</control>
				<control type="label" id="210">
					<width>950</width>
					<height>45</height>
					<font>font18</font>
					<label>31119</label>
					<textcolor>dialogheader</textcolor>
					<align>center</align>
				</control>
				<control type="radiobutton" id="211">
					<description>Hide Video Button Toggle</description>
					<width>950</width>
					<height>35</height>
					<font>font12</font>
					<label>$LOCALIZE[31120] - $LOCALIZE[3]</label>
					<onclick>Skin.ToggleSetting(homepageHideVideoButton)</onclick>
					<selected>Skin.HasSetting(homepageHideVideoButton)</selected>
					<textcolor>grey2</textcolor>
					<focusedcolor>white</focusedcolor>
					<texturefocus border="7">list-focus.png</texturefocus>
					<texturenofocus>-</texturenofocus>
					<textureradioon>radiobutton-focus-2.png</textureradioon>
				</control>
				<control type="radiobutton" id="213">
					<description>Hide Movies Button Toggle</description>
					<width>950</width>
					<height>35</height>
					<font>font12</font>
					<label>$LOCALIZE[31120] - $LOCALIZE[20342]</label>
					<onclick>Skin.ToggleSetting(homepageHideMoviesButton)</onclick>
					<selected>Skin.HasSetting(homepageHideMoviesButton)</selected>
					<textcolor>grey2</textcolor>
					<focusedcolor>white</focusedcolor>
					<texturefocus border="7">list-focus.png</texturefocus>
					<texturenofocus>-</texturenofocus>
					<textureradioon>radiobutton-focus-2.png</textureradioon>
					<enable>Library.HasContent(Movies)</enable>
				</control>
				<control type="radiobutton" id="214">
					<description>Hide TV Shows Button Toggle</description>
					<width>950</width>
					<height>35</height>
					<font>font12</font>
					<label>$LOCALIZE[31120] - $LOCALIZE[20343]</label>
					<onclick>Skin.ToggleSetting(homepageHideTVShowButton)</onclick>
					<selected>Skin.HasSetting(homepageHideTVShowButton)</selected>
					<textcolor>grey2</textcolor>
					<focusedcolor>white</focusedcolor>
					<texturefocus border="7">list-focus.png</texturefocus>
					<texturenofocus>-</texturenofocus>
					<textureradioon>radiobutton-focus-2.png</textureradioon>
					<enable>Library.HasContent(TVShows)</enable>
				</control>
				<control type="radiobutton" id="215">
					<description>Hide Music Button Toggle</description>
					<width>950</width>
					<height>35</height>
					<font>font12</font>
					<label>$LOCALIZE[31120] - $LOCALIZE[2]</label>
					<onclick>Skin.ToggleSetting(homepageHideMusicButton)</onclick>
					<selected>Skin.HasSetting(homepageHideMusicButton)</selected>
					<textcolor>grey2</textcolor>
					<focusedcolor>white</focusedcolor>
					<texturefocus border="7">list-focus.png</texturefocus>
					<texturenofocus>-</texturenofocus>
					<textureradioon>radiobutton-focus-2.png</textureradioon>
				</control>
				<control type="radiobutton" id="216">
					<description>Hide Picture Button Toggle</description>
					<width>950</width>
					<height>35</height>
					<font>font12</font>
					<label>$LOCALIZE[31120] - $LOCALIZE[1]</label>
					<onclick>Skin.ToggleSetting(homepageHidePictureButton)</onclick>
					<selected>Skin.HasSetting(homepageHidePictureButton)</selected>
					<textcolor>grey2</textcolor>
					<focusedcolor>white</focusedcolor>
					<texturefocus border="7">list-focus.png</texturefocus>
					<texturenofocus>-</texturenofocus>
					<textureradioon>radiobutton-focus-2.png</textureradioon>
				</control>
				<control type="radiobutton" id="217">
					<description>Hide Program Button Toggle</description>
					<width>950</width>
					<height>35</height>
					<font>font12</font>
					<label>$LOCALIZE[31120] - $LOCALIZE[0]</label>
					<onclick>Skin.ToggleSetting(homepageHideProgramButton)</onclick>
					<selected>Skin.HasSetting(homepageHideProgramButton)</selected>
					<textcolor>grey2</textcolor>
					<focusedcolor>white</focusedcolor>
					<texturefocus border="7">list-focus.png</texturefocus>
					<texturenofocus>-</texturenofocus>
					<textureradioon>radiobutton-focus-2.png</textureradioon>
				</control>
				<control type="radiobutton" id="218">
					<description>Hide Weather Button Toggle</description>
					<width>950</width>
					<height>35</height>
					<font>font12</font>
					<label>$LOCALIZE[31120] - $LOCALIZE[8]</label>
					<onclick>Skin.ToggleSetting(homepageHideWeatherButton)</onclick>
					<selected>Skin.HasSetting(homepageHideWeatherButton)</selected>
					<textcolor>grey2</textcolor>
					<focusedcolor>white</focusedcolor>
					<texturefocus border="7">list-focus.png</texturefocus>
					<texturenofocus>-</texturenofocus>
					<textureradioon>radiobutton-focus-2.png</textureradioon>
				</control>
			</control>
			<!-- End Home Page Skin Settings -->
			<!-- Start Custom Backgrounds Skin Settings -->
			<control type="group">
				<visible>Skin.String(SkinSettings,3)</visible>
				<control type="image">
					<posx>320</posx>
					<posy>130</posy>
					<width>910</width>
					<height>516</height>
					<colordiffuse>66FFFFFF</colordiffuse>
					<texture>black-back.png</texture>
				</control>
				<control type="group">
					<posx>325</posx>
					<posy>135</posy>
					<control type="multiimage">
						<posx>200</posx>
						<posy>70</posy>
						<width>700</width>
						<height>366</height>
						<imagepath background="true">$INFO[Container(9003).ListItem.Icon]</imagepath>
						<timeperimage>6000</timeperimage>
						<randomize>true</randomize>
						<fadetime>FanartCrossfadeTime</fadetime>
					</control>
					<control type="image">
						<posx>0</posx>
						<posy>0</posy>
						<width>900</width>
						<height>506</height>
						<texture>Background-Home.png</texture>
					</control>
					<control type="image">
						<posx>0</posx>
						<posy>0</posy>
						<width>900</width>
						<height>90</height>
						<texture>Header.png</texture>
					</control>
					<control type="image">
						<posx>0</posx>
						<posy>416</posy>
						<width>900</width>
						<height>90</height>
						<texture>Footer.png</texture>
					</control>
					<control type="image">
						<posx>20</posx>
						<posy>120</posy>
						<width>316</width>
						<height>281</height>
						<texture>Home-Menu-Back.png</texture>
					</control>
					<control type="button" id="10">
						<description>Up Arrow</description>
						<posx>70</posx>
						<posy>100</posy>
						<width>30</width>
						<height>20</height>
						<texturefocus>arrow-big-up.png</texturefocus>
						<texturenofocus>arrow-big-up.png</texturenofocus>
						<onclick>Control.Move(9003,-1)</onclick>
						<visible>Container(9003).HasPrevious</visible>
						<include>VisibleFadeEffect</include>
					</control>
					<control type="button" id="11">
						<description>Down Arrow</description>
						<posx>70</posx>
						<posy>380</posy>
						<width>30</width>
						<height>20</height>
						<texturefocus>arrow-big-down.png</texturefocus>
						<texturenofocus>arrow-big-down.png</texturenofocus>
						<onclick>Control.Move(9003,1)</onclick>
						<visible>Container(9003).HasNext</visible>
						<include>VisibleFadeEffect</include>
					</control>
					<control type="list" id="9003">
						<posx>45</posx>
						<posy>130</posy>
						<width>242</width>
						<height>240</height>
						<onleft>9000</onleft>
						<onright>300</onright>
						<onup>9003</onup>
						<ondown>9003</ondown>
						<pagecontrol>-</pagecontrol>
						<scrolltime>200</scrolltime>
						<itemlayout height="40" width="242">
							<control type="image">
								<posx>10</posx>
								<posy>15</posy>
								<width>18</width>
								<height>18</height>
								<texture>home-button.png</texture>
							</control>
							<control type="label">
								<posx>50</posx>
								<posy>5</posy>
								<width>190</width>
								<height>35</height>
								<font>font12</font>
								<textcolor>grey</textcolor>
								<align>left</align>
								<aligny>center</aligny>
								<label>[B]$INFO[ListItem.Label][/B]</label>
							</control>
							<control type="image">
								<posx>0</posx>
								<posy>40</posy>
								<width>242</width>
								<height>4</height>
								<texture>Home-Menu-Back-Divider.png</texture>
							</control>
						</itemlayout>
						<focusedlayout height="40" width="242">
							<control type="image">
								<posx>10</posx>
								<posy>15</posy>
								<width>18</width>
								<height>18</height>
								<texture>home-button.png</texture>
							</control>
							<control type="image">
								<posx>12</posx>
								<posy>17</posy>
								<width>12</width>
								<height>12</height>
								<texture>home-button-focus.gif</texture>
								<visible>!ControlGroup(9000).HasFocus</visible>
							</control>
							<control type="label">
								<posx>50</posx>
								<posy>5</posy>
								<width>190</width>
								<height>35</height>
								<font>font12</font>
								<textcolor>white</textcolor>
								<align>left</align>
								<aligny>center</aligny>
								<label>[B]$INFO[ListItem.Label][/B]</label>
							</control>
							<control type="image">
								<posx>0</posx>
								<posy>40</posy>
								<width>242</width>
								<height>4</height>
								<texture>Home-Menu-Back-Divider.png</texture>
							</control>
						</focusedlayout>
						<content>
							<item id="8">
								<label>31400</label>
								<label2>Home_Custom_Back_TV_Folder</label2>
								<onclick>noop</onclick>
								<icon>special://skin/backgrounds/tv.jpg</icon>
								<thumb>$INFO[Skin.String(Home_Custom_Back_TV_Folder)]</thumb>
								<visible>System.GetBool(pvrmanager.enabled)</visible>
							</item>
							<item id="1">
								<label>3</label>
								<label2>Home_Custom_Back_Video_Folder</label2>
								<onclick>noop</onclick>
								<icon>special://skin/backgrounds/videos.jpg</icon>
								<thumb>$INFO[Skin.String(Home_Custom_Back_Video_Folder)]</thumb>
								<visible>!Skin.HasSetting(homepageHideVideoButton)</visible>
							</item>
							<item id="9">
								<label>20342</label>
								<label2>Home_Custom_Back_Movies_Folder</label2>
								<onclick>noop</onclick>
								<icon>special://skin/backgrounds/movies.jpg</icon>
								<thumb>$INFO[Skin.String(Home_Custom_Back_Movies_Folder)]</thumb>
								<visible>Library.HasContent(Movies)</visible>
								<visible>!Skin.HasSetting(homepageHideMoviesButton)</visible>
							</item>
							<item id="10">
								<label>20343</label>
								<label2>Home_Custom_Back_TVShow_Folder</label2>
								<onclick>noop</onclick>
								<icon>special://skin/backgrounds/tvshow.jpg</icon>
								<thumb>$INFO[Skin.String(Home_Custom_Back_TVShow_Folder)]</thumb>
								<visible>Library.HasContent(TVShows)</visible>
								<visible>!Skin.HasSetting(homepageHideTVShowButton)</visible>
							</item>
							<item id="2">
								<label>2</label>
								<label2>Home_Custom_Back_Music_Folder</label2>
								<onclick>noop</onclick>
								<icon>special://skin/backgrounds/music.jpg</icon>
								<thumb>$INFO[Skin.String(Home_Custom_Back_Music_Folder)]</thumb>
								<visible>!Skin.HasSetting(homepageHideMusicButton)</visible>
							</item>
							<item id="3">
								<label>1</label>
								<label2>Home_Custom_Back_Pictures_Folder</label2>
								<onclick>noop</onclick>
								<icon>special://skin/backgrounds/pictures.jpg</icon>
								<thumb>$INFO[Skin.String(Home_Custom_Back_Pictures_Folder)]</thumb>
								<visible>!Skin.HasSetting(homepageHidePictureButton)</visible>
							</item>
							<item id="4">
								<label>0</label>
								<label2>Home_Custom_Back_Programs_Folder</label2>
								<onclick>noop</onclick>
								<icon>special://skin/backgrounds/programs.jpg</icon>
								<thumb>$INFO[Skin.String(Home_Custom_Back_Programs_Folder)]</thumb>
								<visible>!Skin.HasSetting(homepageHideProgramButton)</visible>
							</item>
							<item id="5">
								<label>8</label>
								<label2>Home_Custom_Back_Weather_Folder</label2>
								<onclick>noop</onclick>
								<icon>special://skin/backgrounds/weather.jpg</icon>
								<thumb>$INFO[Skin.String(Home_Custom_Back_Weather_Folder)]</thumb>
								<visible>!Skin.HasSetting(homepageHideWeatherButton)</visible>
							</item>
							<item id="7">
								<label>5</label>
								<label2>Home_Custom_Back_Settings_Folder</label2>
								<onclick>noop</onclick>
								<icon>special://skin/backgrounds/settings.jpg</icon>
								<thumb>$INFO[Skin.String(Home_Custom_Back_Settings_Folder)]</thumb>
							</item>
						</content>
					</control>
				</control>
				<control type="label">
					<posx>650</posx>
					<posy>150</posy>
					<width>560</width>
					<height>35</height>
					<align>center</align>
					<aligny>center</aligny>
					<font>font12</font>
					<label>$INFO[Container(9003).ListItem.label] $LOCALIZE[31110]</label>
					<textcolor>dialogheader</textcolor>
				</control>
				<control type="label">
					<posx>650</posx>
					<posy>180</posy>
					<width>560</width>
					<height>20</height>
					<align>center</align>
					<aligny>center</aligny>
					<font>font11</font>
					<haspath>true</haspath>
					<label fallback="571">$INFO[Container(9003).ListItem.Thumb]</label>
					<textcolor>green</textcolor>
				</control>
				<control type="group">
					<posx>650</posx>
					<posy>598</posy>
					<control type="button" id="300">
						<description>Single Image button</description>
						<posx>5</posx>
						<posy>0</posy>
						<include>ButtonSetBackgroundCommonValues</include>
						<label>31113</label>
						<onclick>Skin.SetImage($INFO[Container(9003).ListItem.Label2])</onclick>
						<onleft>9003</onleft>
						<onright>301</onright>
						<onup>300</onup>
						<ondown>300</ondown>
					</control>
					<control type="button" id="301">
						<description>Multi Image button</description>
						<posx>190</posx>
						<posy>0</posy>
						<include>ButtonSetBackgroundCommonValues</include>
						<label>31114</label>
						<onclick>Skin.SetPath($INFO[Container(9003).ListItem.Label2])</onclick>
						<onleft>300</onleft>
						<onright>302</onright>
						<onup>301</onup>
						<ondown>301</ondown>
					</control>
					<control type="button" id="302">
						<description>Default Image button</description>
						<posx>375</posx>
						<posy>0</posy>
						<include>ButtonSetBackgroundCommonValues</include>
						<label>571</label>
						<onclick>Skin.Reset($INFO[Container(9003).ListItem.Label2])</onclick>
						<onleft>301</onleft>
						<onright>9000</onright>
						<onup>302</onup>
						<ondown>302</ondown>
					</control>
				</control>
			</control>
			<!-- End Custom Backgrounds Skin Settings -->
			<!-- Start Custom Script Skin Settings -->
			<control type="grouplist" id="9004">
				<visible>Skin.String(SkinSettings,4)</visible>
				<posx>300</posx>
				<posy>130</posy>
				<width>950</width>
				<height>510</height>
				<itemgap>2</itemgap>
				<pagecontrol>-</pagecontrol>
				<onleft>9000</onleft>
				<onright>9000</onright>
				<onup>9004</onup>
				<ondown>9004</ondown>
				<control type="label" id="400">
					<width>950</width>
					<height>45</height>
					<font>font18</font>
					<label>31200</label>
					<textcolor>dialogheader</textcolor>
					<align>center</align>
				</control>
				<control type="radiobutton" id="401">
					<width>950</width>
					<height>35</height>
					<font>font12</font>
					<label>$LOCALIZE[31208]</label>
					<textcolor>grey2</textcolor>
					<focusedcolor>white</focusedcolor>
					<texturefocus border="7">list-focus.png</texturefocus>
					<texturenofocus>-</texturenofocus>
					<textureradioon>radiobutton-focus-2.png</textureradioon>
					<onclick>Skin.ToggleSetting(LyricScript_Enable)</onclick>
					<selected>Skin.HasSetting(LyricScript_Enable)</selected>
				</control>
				<control type="button" id="402">
					<width>950</width>
					<height>35</height>
					<font>font12</font>
					<label>- $LOCALIZE[31204]</label>
					<label2>[COLOR=green]$INFO[Skin.String(LyricScript_Path)][/COLOR]</label2>
					<textcolor>grey2</textcolor>
					<focusedcolor>white</focusedcolor>
					<texturefocus border="7">list-focus.png</texturefocus>
					<texturenofocus>-</texturenofocus>
					<textureradioon>radiobutton-focus-2.png</textureradioon>
					<onclick>Skin.SetAddon(LyricScript_Path,xbmc.python.lyrics)</onclick>
					<enable>Skin.HasSetting(LyricScript_Enable)</enable>
				</control>
				<control type="image" id="403">
					<width>950</width>
					<height>2</height>
					<texture>separator.png</texture>
				</control>
				<control type="radiobutton" id="404">
					<width>950</width>
					<height>35</height>
					<font>font12</font>
					<label>$LOCALIZE[31209] [B]$LOCALIZE[8][/B]</label>
					<textcolor>grey2</textcolor>
					<focusedcolor>white</focusedcolor>
					<texturefocus border="7">list-focus.png</texturefocus>
					<texturenofocus>-</texturenofocus>
					<textureradioon>radiobutton-focus-2.png</textureradioon>
					<onclick>Skin.ToggleSetting(WeatherScript_Enable)</onclick>
					<selected>Skin.HasSetting(WeatherScript_Enable)</selected>
				</control>
				<control type="button" id="405">
					<width>950</width>
					<height>35</height>
					<font>font12</font>
					<label>- $LOCALIZE[31203]</label>
					<label2>[COLOR=green]$INFO[Skin.String(WeatherScript_Label)][/COLOR]</label2>
					<textcolor>grey2</textcolor>
					<focusedcolor>white</focusedcolor>
					<texturefocus border="7">list-focus.png</texturefocus>
					<texturenofocus>-</texturenofocus>
					<textureradioon>radiobutton-focus-2.png</textureradioon>
					<onclick>Skin.SetString(WeatherScript_Label)</onclick>
					<enable>Skin.HasSetting(WeatherScript_Enable)</enable>
				</control>
				<control type="button" id="406">
					<width>950</width>
					<height>35</height>
					<font>font12</font>
					<label>- $LOCALIZE[31204]</label>
					<label2>[COLOR=green]$INFO[Skin.String(WeatherScript_Path)][/COLOR]</label2>
					<textcolor>grey2</textcolor>
					<focusedcolor>white</focusedcolor>
					<texturefocus border="7">list-focus.png</texturefocus>
					<texturenofocus>-</texturenofocus>
					<textureradioon>radiobutton-focus-2.png</textureradioon>
					<onclick>Skin.SetAddon(WeatherScript_Path,xbmc.python.script)</onclick>
					<enable>Skin.HasSetting(WeatherScript_Enable)</enable>
				</control>
				<control type="image" id="407">
					<width>950</width>
					<height>2</height>
					<texture>separator.png</texture>
				</control>
			</control>
			<!-- END Custom Script Skin Settings -->
		</control>
		<control type="group">
			<include>Window_OpenClose_Left_Panel_Animation</include>
			<include>CommonNowPlaying</include>
			<control type="group" id="9000">
				<posx>0</posx>
				<posy>130</posy>
				<control type="button" id="20">
					<description>General Options</description>
					<posx>0</posx>
					<posy>0</posy>
					<include>ButtonCommonValues</include>
					<label>128</label>
					<onfocus>Skin.SetString(SkinSettings,1)</onfocus>
					<onleft>9001</onleft>
					<onright>9001</onright>
					<onup>611</onup>
					<ondown>21</ondown>
				</control>
				<control type="button" id="21">
					<description>Home Window Options</description>
					<posx>0</posx>
					<posy>45</posy>
					<include>ButtonCommonValues</include>
					<label>513</label>
					<onfocus>Skin.SetString(SkinSettings,2)</onfocus>
					<onleft>9002</onleft>
					<onright>9002</onright>
					<onup>20</onup>
					<ondown>22</ondown>
					<pulseonselect>no</pulseonselect>
					<visible>true</visible>
				</control>
				<control type="button" id="22">
					<description>Backgrounds Options</description>
					<posx>0</posx>
					<posy>90</posy>
					<include>ButtonCommonValues</include>
					<label>31102</label>
					<onfocus>Skin.SetString(SkinSettings,3)</onfocus>
					<onclick>SetFocus(8000)</onclick>
					<onleft>9003</onleft>
					<onright>9003</onright>
					<onup>21</onup>
					<ondown>23</ondown>
				</control>
				<control type="button" id="23">
					<description>Addon Custom</description>
					<posx>0</posx>
					<posy>135</posy>
					<include>ButtonCommonValues</include>
					<label>24001</label>
					<onfocus>Skin.SetString(SkinSettings,4)</onfocus>
					<onleft>9004</onleft>
					<onright>9004</onright>
					<onup>22</onup>
					<ondown>610</ondown>
				</control>
				<control type="button" id="610">
					<description>Fake Button to fix Player Controls Navigation</description>
					<onup>23</onup>
					<ondown>603</ondown>
					<visible>false</visible>
				</control>
				<control type="group">
					<posx>0</posx>
					<posy>550</posy>
					<include>CommonNowPlaying_Controls</include>
				</control>
				<control type="button" id="611">
					<description>Fake Button to fix Player Controls Navigation</description>
					<onup>603</onup>
					<ondown>20</ondown>
					<visible>false</visible>
				</control>
			</control>
		</control>
		<control type="image">
			<posx>0</posx>
			<posy>0</posy>
			<width>1280</width>
			<height>128</height>
			<texture>Header.png</texture>
		</control>
		<control type="label">
			<include>WindowTitleCommons</include>
			<label>$LOCALIZE[9] - $LOCALIZE[20077]</label>
		</control>
		<include>WindowTitleButtons</include>
		<include>BehindDialogFadeOut</include>
	</controls>
</window>
