<?xml version="1.0" encoding="UTF-8"?>
<window>
	<coordinates>
		<system>1</system>
		<posx>290</posx>
		<posy>200</posy>
	</coordinates>
	<include>dialogeffect</include>
	<controls>
		<control type="image">
			<description>background image</description>
			<posx>0</posx>
			<posy>0</posy>
			<width>700</width>
			<height>340</height>
			<texture border="40">DialogBack.png</texture>
		</control>
		<control type="image">
			<description>background image</description>
			<posx>0</posx>
			<posy>0</posy>
			<width>700</width>
			<height>340</height>
			<texture border="40">DialogFront.png</texture>
		</control>
		<control type="label" id="1">
			<description>heading label</description>
			<posx>40</posx>
			<posy>40</posy>
			<width>620</width>
			<height>30</height>
			<align>center</align>
			<aligny>center</aligny>
			<font>font18</font>
			<label>13406</label>
			<textcolor>dialogheader</textcolor>
		</control>
		<control type="image">
			<posx>40</posx>
			<posy>78</posy>
			<width>620</width>
			<height>2</height>
			<texture>separator.png</texture>
		</control>
		<control type="textbox" id="9">
			<description>dialog line 1</description>
			<posx>40</posx>
			<posy>85</posy>
			<width>620</width>
			<height>130</height>
			<align>center</align>
			<aligny>center</aligny>
			<label></label>
			<font>font12</font>
			<autoscroll time="3000" delay="4000" repeat="5000">true</autoscroll>
		</control>
		<control type="progress" id="20">
			<posx>40</posx>
			<posy>220</posy>
			<width>620</width>
			<height>30</height>
			<info>System.Progressbar</info>
		</control>

		<control type="grouplist" id="9000">
			<posx>40</posx>
			<posy>260</posy>
			<orientation>horizontal</orientation>
			<width>620</width>
			<height>100</height>
			<itemgap>10</itemgap>
			<align>center</align>
			<include content="DefaultDialogButton">
				<param name="id" value="11" />
				<param name="label" value="" />
			</include>
			<include content="DefaultDialogButton">
				<param name="id" value="10" />
				<param name="label" value="" />
			</include>
			<include content="DefaultDialogButton">
				<param name="id" value="12" />
				<param name="label" value="" />
			</include>
		</control>

	</controls>
</window>
