<window>
	<defaultcontrol>1000</defaultcontrol>
	<include>dialogeffect</include>
	<coordinates>
		<system>1</system>
		<left>0</left>
		<top>0</top>
	</coordinates>
	<controls>
		<control type="image" id="999">
			<description>background image</description>
			<left>0</left>
			<top>0</top>
			<width>400</width>
			<colordiffuse>EEFFFFFF</colordiffuse>
			<bordertexture>DialogFront.png</bordertexture>
			<texture border="0">DialogBack.png</texture>
		</control>
		<control type="grouplist" id="996">
			<description>grouplist for context buttons</description>
			<left>36</left>
			<top>25</top>
			<width>335</width>
			<height max="670">auto</height>
			<itemgap>2</itemgap>
			<texture border="0">DialogFront.png</texture>
		</control>
		<control type="button" id="1000">
			<description>button template</description>
			<left>40</left>
			<top>40</top>
			<width>325</width>
			<height>35</height>
			<font>font12</font>
			<align>center</align>
			<textcolor>white</textcolor>
			<texturefocus border="3">button-focus2.png</texturefocus>
			<texturenofocus border="3">button-nofocus.png</texturenofocus>
		</control>
	</controls>
	
</window>
