<window>
	<defaultcontrol>5</defaultcontrol>
	<coordinates>
		<system>1</system>
		<posx>165</posx>
		<posy>35</posy>
	</coordinates>
	<include>dialogeffect</include>
	<controls>
		<control type="image">
			<description>background image</description>
			<posx>0</posx>
			<posy>0</posy>
			<width>950</width>
			<height>660</height>
			<texture border="40">DialogBack.png</texture>
			<animation condition="Window.IsVisible(Visualisation)" effect="fade" end="90" start="90" time="0">Conditional</animation>
		</control>
		<control type="image">
			<description>background image</description>
			<posx>0</posx>
			<posy>0</posy>
			<width>950</width>
			<height>650</height>
			<texture border="40">DialogFront.png</texture>
		</control>
		<control id="2" type="label">
			<description>heading label</description>
			<posx>40</posx>
			<posy>40</posy>
			<width>870</width>
			<height>30</height>
			<align>center</align>
			<aligny>center</aligny>
			<font>font18</font>
			<label>$LOCALIZE[24002]</label>
			<textcolor>dialogheader</textcolor>
		</control>
		<control type="button">
			<description>Close Window button</description>
			<posx>880</posx>
			<posy>35</posy>
			<include>WindowCloseButtonCommons</include>
		</control>
		<control type="image">
			<posx>40</posx>
			<posy>79</posy>
			<width>870</width>
			<height>4</height>
			<texture>separator.png</texture>
		</control>
		<control id="3" type="grouplist">
			<description>Categories area</description>
			<posx>705</posx>
			<posy>95</posy>
			<width>200</width>
			<height>390</height>
			<itemgap>5</itemgap>
			<pagecontrol/>
			<onleft>5</onleft>
			<onright>9001</onright>
			<onup>20</onup>
			<ondown>20</ondown>
			<animation condition="!Control.IsVisible(60)" effect="slide" end="-10,0" start="0,0" time="0">Conditional</animation>
		</control>
		<control id="10" type="button">
			<description>Default Catagory Button</description>
			<width>200</width>
			<height>35</height>
			<align>center</align>
			<aligny>center</aligny>
			<font>font12</font>
			<texturefocus border="3">button-focus2.png</texturefocus>
			<texturenofocus border="3">button-nofocus.png</texturenofocus>
		</control>
		<control id="5" type="grouplist">
			<description>control area</description>
			<posx>40</posx>
			<posy>95</posy>
			<width>635</width>
			<height>510</height>
			<itemgap>5</itemgap>
			<pagecontrol>60</pagecontrol>
			<onleft>3</onleft>
			<onright>60</onright>
			<onup>5</onup>
			<ondown>5</ondown>
			<animation condition="!Control.IsVisible(60)" effect="slide" end="10,0" start="0,0" time="0">Conditional</animation>
		</control>
		<control id="60" type="scrollbar">
			<posx>680</posx>
			<posy>95</posy>
			<width>20</width>
			<height>510</height>
			<texturesliderbackground border="2,2,2,2">scrollbar_bar_back2.png</texturesliderbackground>
			<texturesliderbar border="2,16,2,16">scrollbar_bar.png</texturesliderbar>
			<texturesliderbarfocus border="2,16,2,16">scrollbar_bar_focus.png</texturesliderbarfocus>
			<textureslidernib>scrollbar_nib.png</textureslidernib>
			<textureslidernibfocus>scrollbar_nib.png</textureslidernibfocus>
			<onleft>5</onleft>
			<onright>9001</onright>
			<showonepage>false</showonepage>
			<orientation>vertical</orientation>
		</control>
		<control id="9001" type="group">
			<posx>705</posx>
			<posy>490</posy>
			<onleft>5</onleft>
			<onright>3</onright>
			<animation condition="!Control.IsVisible(60)" effect="slide" end="-10,0" start="0,0" time="0">Conditional</animation>
			<control id="28" type="button">
				<description>OK Button</description>
				<posx>0</posx>
				<posy>0</posy>
				<width>200</width>
				<height>35</height>
				<font>font12</font>
				<align>center</align>
				<aligny>center</aligny>
				<texturefocus border="3">button-focus2.png</texturefocus>
				<texturenofocus border="3">button-nofocus.png</texturenofocus>
				<label>186</label>
				<onleft>60</onleft>
				<onright>3</onright>
				<onup>30</onup>
				<ondown>29</ondown>
			</control>
			<control id="29" type="button">
				<description>Cancel Button</description>
				<posx>0</posx>
				<posy>40</posy>
				<width>200</width>
				<height>35</height>
				<font>font12</font>
				<align>center</align>
				<aligny>center</aligny>
				<texturefocus border="3">button-focus2.png</texturefocus>
				<texturenofocus border="3">button-nofocus.png</texturenofocus>
				<label>222</label>
				<onleft>60</onleft>
				<onright>3</onright>
				<onup>28</onup>
				<ondown>30</ondown>
			</control>
			<control id="30" type="button">
				<description>Defaults Button</description>
				<posx>0</posx>
				<posy>80</posy>
				<width>200</width>
				<height>35</height>
				<font>font12</font>
				<align>center</align>
				<aligny>center</aligny>
				<texturefocus border="3">button-focus2.png</texturefocus>
				<texturenofocus border="3">button-nofocus.png</texturenofocus>
				<label>409</label>
				<onleft>60</onleft>
				<onright>3</onright>
				<onup>29</onup>
				<ondown>28</ondown>
			</control>
		</control>
		<control id="13" type="sliderex">
			<description>Default Slider</description>
			<height>35</height>
			<texturefocus border="3">button-focus.png</texturefocus>
			<texturenofocus border="3">button-nofocus.png</texturenofocus>
			<font>font12</font>
			<textcolor>grey2</textcolor>
			<focusedcolor>white</focusedcolor>
		</control>
		<control id="7" type="button">
			<description>Default Button</description>
			<height>35</height>
			<font>font12</font>
			<texturefocus border="3">button-focus.png</texturefocus>
			<texturenofocus border="3">button-nofocus.png</texturenofocus>
		</control>
		<control id="8" type="radiobutton">
			<description>Default RadioButton</description>
			<height>35</height>
			<font>font12</font>
			<texturefocus border="3">button-focus.png</texturefocus>
			<texturenofocus border="3">button-nofocus.png</texturenofocus>
		</control>
		<control id="9" type="spincontrolex">
			<description>Default spincontrolex</description>
			<height>35</height>
			<texturefocus border="3">button-focus.png</texturefocus>
			<texturenofocus border="3">button-nofocus.png</texturenofocus>
			<font>font12</font>
			<aligny>center</aligny>
			<reverse>yes</reverse>
		</control>
		<control id="12" type="edit">
			<include>DefaultSettingButton</include>
		</control>
		<control id="6" type="textbox">
			<description>description area</description>
			<left>50</left>
			<top>815</top>
			<right>50</right>
			<height>70</height>
			<font>font12</font>
			<align>justify</align>
			<textcolor>button_focus</textcolor>
			<autoscroll delay="5000" repeat="5000" time="3000">true</autoscroll>
		</control>
		<control id="11" type="image">
			<description>Default Seperator</description>
			<height>2</height>
			<texture>separator.png</texture>
		</control>
		<control id="14" type="label">
			<description>Separator label</description>
			<label/>
			<height>25</height>
			<font>font12</font>
			<align>center</align>
			<aligny>bottom</aligny>
			<textcolor>green</textcolor>
		</control>
	</controls>
</window>
