<includes>
	<include name="3d_CoverView">
		<control type="image">
			<posx>0</posx>
			<posy>0</posy>
			<width>1280</width>
			<height>720</height>
			<visible>Control.IsVisible(500)</visible>
			<texture>black-back.png</texture>
			<include>Window_OpenClose_Animation</include>
		</control>
		<control type="image">
			<posx>0</posx>
			<posy>510</posy>
			<width>1280</width>
			<height>200</height>
			<visible>Control.IsVisible(500)</visible>
			<texture>white-reflect.png</texture>
			<include>Window_OpenClose_Animation</include>
		</control>
		<control id="7001" type="group">
			<include>Window_OpenClose_Animation</include>
			<posy>150</posy>
			<visible>Control.IsVisible(500) + Container.OnNext</visible>
			<animation effect="slide" end="-100,0" reversible="false" time="250">Hidden</animation>
			<control type="group">
				<posx>80</posx>
				<visible>Container.OnNext</visible>
				<animation effect="fade" end="0" reversible="false" start="100" time="250">Hidden</animation>
				<animation center="60" condition="true" effect="rotatey" end="-60" start="-60" time="0">Conditional</animation>
				<control type="image">
					<posx>0</posx>
					<posy>0</posy>
					<width>300</width>
					<height>440</height>
					<aspectratio>keep</aspectratio>
					<info>Container(500).ListItem(-4).Icon</info>
					<bordertexture border="4">button-nofocus.png</bordertexture>
					<bordersize>4</bordersize>
				</control>
				<control type="image">
					<posx>0</posx>
					<posy>440</posy>
					<width>300</width>
					<height>440</height>
					<aspectratio>keep</aspectratio>
					<texture diffuse="diffuse_mirror2.png" flipy="true"/>
					<info>Container(500).ListItem(-4).Icon</info>
					<bordertexture border="4" diffuse="diffuse_mirror2.png" flipy="true">button-nofocus.png</bordertexture>
					<bordersize>4</bordersize>
				</control>
			</control>
			<control type="group">
				<posx>180</posx>
				<animation center="160" condition="true" effect="rotatey" end="-60" start="-60" time="0">Conditional</animation>
				<control type="image">
					<posx>0</posx>
					<posy>0</posy>
					<width>300</width>
					<height>440</height>
					<aspectratio>keep</aspectratio>
					<info>Container(500).ListItem(-3).Icon</info>
					<bordertexture border="4">button-nofocus.png</bordertexture>
					<bordersize>4</bordersize>
				</control>
				<control type="image">
					<posx>0</posx>
					<posy>440</posy>
					<width>300</width>
					<height>440</height>
					<aspectratio>keep</aspectratio>
					<texture diffuse="diffuse_mirror2.png" flipy="true"/>
					<info>Container(500).ListItem(-3).Icon</info>
					<bordertexture border="4" diffuse="diffuse_mirror2.png" flipy="true">button-nofocus.png</bordertexture>
					<bordersize>4</bordersize>
				</control>
			</control>
			<control type="group">
				<posx>280</posx>
				<animation center="260" condition="true" effect="rotatey" end="-60" start="-60" time="0">Conditional</animation>
				<control type="image">
					<posx>0</posx>
					<posy>0</posy>
					<width>300</width>
					<height>440</height>
					<aspectratio>keep</aspectratio>
					<info>Container(500).ListItem(-2).Icon</info>
					<bordertexture border="4">button-nofocus.png</bordertexture>
					<bordersize>4</bordersize>
				</control>
				<control type="image">
					<posx>0</posx>
					<posy>440</posy>
					<width>300</width>
					<height>440</height>
					<aspectratio>keep</aspectratio>
					<texture diffuse="diffuse_mirror2.png" flipy="true"/>
					<info>Container(500).ListItem(-2).Icon</info>
					<bordertexture border="4" diffuse="diffuse_mirror2.png" flipy="true">button-nofocus.png</bordertexture>
					<bordersize>4</bordersize>
				</control>
			</control>
			<control type="group">
				<posx>1000</posx>
				<visible>!Container.OnNext</visible>
				<animation delay="0" effect="fade" end="100" reversible="false" start="0" time="250">Visible</animation>
				<animation center="1320" condition="true" effect="rotatey" end="60" start="60" time="0">Conditional</animation>
				<control type="image">
					<posx>0</posx>
					<posy>0</posy>
					<width>300</width>
					<height>440</height>
					<aspectratio>keep</aspectratio>
					<info>Container(500).ListItem(3).Icon</info>
					<bordertexture border="4">button-nofocus.png</bordertexture>
					<bordersize>4</bordersize>
				</control>
				<control type="image">
					<posx>0</posx>
					<posy>440</posy>
					<width>300</width>
					<height>440</height>
					<aspectratio>keep</aspectratio>
					<texture diffuse="diffuse_mirror2.png" flipy="true"/>
					<info>Container(500).ListItem(3).Icon</info>
					<bordertexture border="4" diffuse="diffuse_mirror2.png" flipy="true">button-nofocus.png</bordertexture>
					<bordersize>4</bordersize>
				</control>
			</control>
			<control type="group">
				<posx>900</posx>
				<animation center="1220" condition="true" effect="rotatey" end="60" start="60" time="0">Conditional</animation>
				<control type="image">
					<posx>0</posx>
					<posy>0</posy>
					<width>300</width>
					<height>440</height>
					<aspectratio>keep</aspectratio>
					<info>Container(500).ListItem(2).Icon</info>
					<bordertexture border="4">button-nofocus.png</bordertexture>
					<bordersize>4</bordersize>
				</control>
				<control type="image">
					<posx>0</posx>
					<posy>440</posy>
					<width>300</width>
					<height>440</height>
					<aspectratio>keep</aspectratio>
					<texture diffuse="diffuse_mirror2.png" flipy="true"/>
					<info>Container(500).ListItem(2).Icon</info>
					<bordertexture border="4" diffuse="diffuse_mirror2.png" flipy="true">button-nofocus.png</bordertexture>
					<bordersize>4</bordersize>
				</control>
			</control>
			<control type="group">
				<posx>800</posx>
				<animation center="1120" condition="true" effect="rotatey" end="60" start="60" time="0">Conditional</animation>
				<control type="image">
					<posx>0</posx>
					<posy>0</posy>
					<width>300</width>
					<height>440</height>
					<aspectratio>keep</aspectratio>
					<info>Container(500).ListItem(1).Icon</info>
					<bordertexture border="4">button-nofocus.png</bordertexture>
					<bordersize>4</bordersize>
				</control>
				<control type="image">
					<posx>0</posx>
					<posy>440</posy>
					<width>300</width>
					<height>440</height>
					<aspectratio>keep</aspectratio>
					<texture diffuse="diffuse_mirror2.png" flipy="true"/>
					<info>Container(500).ListItem(1).Icon</info>
					<bordertexture border="4" diffuse="diffuse_mirror2.png" flipy="true">button-nofocus.png</bordertexture>
					<bordersize>4</bordersize>
				</control>
			</control>
			<control type="group">
				<visible>Container.OnNext</visible>
				<animation effect="slide" end="-110,0" reversible="false" time="250">Hidden</animation>
				<control type="group">
					<posx>700</posx>
					<visible>Container.OnNext</visible>
					<animation center="1020" easing="in" effect="rotatey" end="-60" reversible="false" start="0" time="250" tween="quadratic">Hidden</animation>
					<animation center="1020" condition="true" effect="rotatey" end="60" start="60" time="0">Conditional</animation>
					<control type="image">
						<posx>0</posx>
						<posy>0</posy>
						<width>300</width>
						<height>440</height>
						<aspectratio>keep</aspectratio>
						<info>Container(500).ListItem(0).Icon</info>
						<bordertexture border="4">folder-focus.png</bordertexture>
						<bordersize>4</bordersize>
					</control>
					<control type="image">
						<posx>0</posx>
						<posy>440</posy>
						<width>300</width>
						<height>440</height>
						<aspectratio>keep</aspectratio>
						<texture diffuse="diffuse_mirror2.png" flipy="true"/>
						<info>Container(500).ListItem(0).Icon</info>
						<bordertexture border="4" diffuse="diffuse_mirror2.png" flipy="true">folder-focus.png</bordertexture>
						<bordersize>4</bordersize>
					</control>
				</control>
				<control type="group">
					<posx>490</posx>
					<visible>Container.OnNext</visible>
					<animation center="470" easing="out" effect="rotatey" end="-60" reversible="false" start="0" time="250" tween="quadratic">Hidden</animation>
					<control type="image">
						<posx>0</posx>
						<posy>0</posy>
						<width>300</width>
						<height>440</height>
						<aspectratio>keep</aspectratio>
						<info>Container(500).ListItem(-1).Icon</info>
						<bordertexture border="4">button-nofocus.png</bordertexture>
						<bordersize>4</bordersize>
					</control>
					<control type="image">
						<posx>0</posx>
						<posy>440</posy>
						<width>300</width>
						<height>440</height>
						<aspectratio>keep</aspectratio>
						<texture diffuse="diffuse_mirror2.png" flipy="true"/>
						<info>Container(500).ListItem(-1).Icon</info>
						<bordertexture border="4" diffuse="diffuse_mirror2.png" flipy="true">button-nofocus.png</bordertexture>
						<bordersize>4</bordersize>
					</control>
				</control>
			</control>
		</control>
		<control id="7002" type="group">
			<include>Window_OpenClose_Animation</include>
			<posy>150</posy>
			<visible>Control.IsVisible(500) + Container.OnPrevious</visible>
			<animation effect="slide" end="100,0" reversible="false" time="250">Hidden</animation>
			<control type="group">
				<posx>900</posx>
				<visible>Container.OnPrevious</visible>
				<animation effect="fade" end="0" reversible="false" start="100" time="250">Hidden</animation>
				<animation center="1220" condition="true" effect="rotatey" end="60" start="60" time="0">Conditional</animation>
				<control type="image">
					<posx>0</posx>
					<posy>0</posy>
					<width>300</width>
					<height>440</height>
					<aspectratio>keep</aspectratio>
					<info>Container(500).ListItem(4).Icon</info>
					<bordertexture border="4">button-nofocus.png</bordertexture>
					<bordersize>4</bordersize>
				</control>
				<control type="image">
					<posx>0</posx>
					<posy>440</posy>
					<width>300</width>
					<height>440</height>
					<aspectratio>keep</aspectratio>
					<texture diffuse="diffuse_mirror2.png" flipy="true"/>
					<info>Container(500).ListItem(4).Icon</info>
					<bordertexture border="4" diffuse="diffuse_mirror2.png" flipy="true">button-nofocus.png</bordertexture>
					<bordersize>4</bordersize>
				</control>
			</control>
			<control type="group">
				<posx>800</posx>
				<animation center="1120" condition="true" effect="rotatey" end="60" start="60" time="0">Conditional</animation>
				<control type="image">
					<posx>0</posx>
					<posy>0</posy>
					<width>300</width>
					<height>440</height>
					<aspectratio>keep</aspectratio>
					<info>Container(500).ListItem(3).Icon</info>
					<bordertexture border="4">button-nofocus.png</bordertexture>
					<bordersize>4</bordersize>
				</control>
				<control type="image">
					<posx>0</posx>
					<posy>440</posy>
					<width>300</width>
					<height>440</height>
					<aspectratio>keep</aspectratio>
					<texture diffuse="diffuse_mirror2.png" flipy="true"/>
					<info>Container(500).ListItem(3).Icon</info>
					<bordertexture border="4" diffuse="diffuse_mirror2.png" flipy="true">button-nofocus.png</bordertexture>
					<bordersize>4</bordersize>
				</control>
			</control>
			<control type="group">
				<posx>700</posx>
				<animation center="1020" condition="true" effect="rotatey" end="60" start="60" time="0">Conditional</animation>
				<control type="image">
					<posx>0</posx>
					<posy>0</posy>
					<width>300</width>
					<height>440</height>
					<aspectratio>keep</aspectratio>
					<info>Container(500).ListItem(2).Icon</info>
					<bordertexture border="4">button-nofocus.png</bordertexture>
					<bordersize>4</bordersize>
				</control>
				<control type="image">
					<posx>0</posx>
					<posy>440</posy>
					<width>300</width>
					<height>440</height>
					<aspectratio>keep</aspectratio>
					<texture diffuse="diffuse_mirror2.png" flipy="true"/>
					<info>Container(500).ListItem(2).Icon</info>
					<bordertexture border="4" diffuse="diffuse_mirror2.png" flipy="true">button-nofocus.png</bordertexture>
					<bordersize>4</bordersize>
				</control>
			</control>
			<control type="group">
				<posx>-20</posx>
				<visible>!Container.OnPrevious</visible>
				<animation effect="fade" end="100" reversible="false" start="0" time="250">Visible</animation>
				<animation center="-40" condition="true" effect="rotatey" end="-60" start="-60" time="0">Conditional</animation>
				<control type="image">
					<posx>0</posx>
					<posy>0</posy>
					<width>300</width>
					<height>440</height>
					<aspectratio>keep</aspectratio>
					<info>Container(500).ListItem(-3).Icon</info>
					<bordertexture border="4">button-nofocus.png</bordertexture>
					<bordersize>4</bordersize>
				</control>
				<control type="image">
					<posx>0</posx>
					<posy>440</posy>
					<width>300</width>
					<height>440</height>
					<aspectratio>keep</aspectratio>
					<texture diffuse="diffuse_mirror2.png" flipy="true"/>
					<info>Container(500).ListItem(-3).Icon</info>
					<bordertexture border="4" diffuse="diffuse_mirror2.png" flipy="true">button-nofocus.png</bordertexture>
					<bordersize>4</bordersize>
				</control>
			</control>
			<control type="group">
				<posx>80</posx>
				<animation center="60" condition="true" effect="rotatey" end="-60" start="-60" time="0">Conditional</animation>
				<control type="image">
					<posx>0</posx>
					<posy>0</posy>
					<width>300</width>
					<height>440</height>
					<aspectratio>keep</aspectratio>
					<info>Container(500).ListItem(-2).Icon</info>
					<bordertexture border="4">button-nofocus.png</bordertexture>
					<bordersize>4</bordersize>
				</control>
				<control type="image">
					<posx>0</posx>
					<posy>440</posy>
					<width>300</width>
					<height>440</height>
					<aspectratio>keep</aspectratio>
					<texture diffuse="diffuse_mirror2.png" flipy="true"/>
					<info>Container(500).ListItem(-2).Icon</info>
					<bordertexture border="4" diffuse="diffuse_mirror2.png" flipy="true">button-nofocus.png</bordertexture>
					<bordersize>4</bordersize>
				</control>
			</control>
			<control type="group">
				<posx>180</posx>
				<animation center="160" condition="true" effect="rotatey" end="-60" start="-60" time="0">Conditional</animation>
				<control type="image">
					<posx>0</posx>
					<posy>0</posy>
					<width>300</width>
					<height>440</height>
					<aspectratio>keep</aspectratio>
					<info>Container(500).ListItem(-1).Icon</info>
					<bordertexture border="4">button-nofocus.png</bordertexture>
					<bordersize>4</bordersize>
				</control>
				<control type="image">
					<posx>0</posx>
					<posy>440</posy>
					<width>300</width>
					<height>440</height>
					<aspectratio>keep</aspectratio>
					<texture diffuse="diffuse_mirror2.png" flipy="true"/>
					<info>Container(500).ListItem(-1).Icon</info>
					<bordertexture border="4" diffuse="diffuse_mirror2.png" flipy="true">button-nofocus.png</bordertexture>
					<bordersize>4</bordersize>
				</control>
			</control>
			<control type="group">
				<visible>Container.OnPrevious</visible>
				<animation effect="slide" end="110,0" reversible="false" time="250">Hidden</animation>
				<control type="group">
					<posx>280</posx>
					<visible>Container.OnPrevious</visible>
					<animation center="260" easing="in" effect="rotatey" end="60" reversible="false" start="0" time="250" tween="quadratic">Hidden</animation>
					<animation center="260" condition="true" effect="rotatey" end="-60" start="-60" time="0">Conditional</animation>
					<control type="image">
						<posx>0</posx>
						<posy>0</posy>
						<width>300</width>
						<height>440</height>
						<aspectratio>keep</aspectratio>
						<info>Container(500).ListItem(0).Icon</info>
						<bordertexture border="4">folder-focus.png</bordertexture>
						<bordersize>4</bordersize>
					</control>
					<control type="image">
						<posx>0</posx>
						<posy>440</posy>
						<width>300</width>
						<height>440</height>
						<aspectratio>keep</aspectratio>
						<texture diffuse="diffuse_mirror2.png" flipy="true"/>
						<info>Container(500).ListItem(0).Icon</info>
						<bordertexture border="4" diffuse="diffuse_mirror2.png" flipy="true">folder-focus.png</bordertexture>
						<bordersize>4</bordersize>
					</control>
				</control>
				<control type="group">
					<posx>490</posx>
					<visible>Container.OnPrevious</visible>
					<animation center="810" easing="out" effect="rotatey" end="60" reversible="false" start="0" time="250" tween="quadratic">Hidden</animation>
					<control type="image">
						<posx>0</posx>
						<posy>0</posy>
						<width>300</width>
						<height>440</height>
						<aspectratio>keep</aspectratio>
						<info>Container(500).ListItem(1).Icon</info>
						<bordertexture border="4">button-nofocus.png</bordertexture>
						<bordersize>4</bordersize>
					</control>
					<control type="image">
						<posx>0</posx>
						<posy>440</posy>
						<width>300</width>
						<height>440</height>
						<aspectratio>keep</aspectratio>
						<texture diffuse="diffuse_mirror2.png" flipy="true"/>
						<info>Container(500).ListItem(1).Icon</info>
						<bordertexture border="4" diffuse="diffuse_mirror2.png" flipy="true">button-nofocus.png</bordertexture>
						<bordersize>4</bordersize>
					</control>
				</control>
			</control>
		</control>
		<control id="7000" type="group">
			<include>Window_OpenClose_Animation</include>
			<posy>150</posy>
			<visible>Control.IsVisible(500) + !Control.IsVisible(7001)  + !Control.IsVisible(7002)</visible>
			<control type="group">
				<posx>80</posx>
				<animation center="60" condition="true" effect="rotatey" end="-60" start="-60" time="0">Conditional</animation>
				<control type="image">
					<posx>0</posx>
					<posy>0</posy>
					<width>300</width>
					<height>440</height>
					<aspectratio>keep</aspectratio>
					<info>Container(500).ListItem(-3).Icon</info>
					<bordertexture border="4">button-nofocus.png</bordertexture>
					<bordersize>4</bordersize>
				</control>
				<control type="image">
					<posx>0</posx>
					<posy>440</posy>
					<width>300</width>
					<height>440</height>
					<aspectratio>keep</aspectratio>
					<texture diffuse="diffuse_mirror2.png" flipy="true"/>
					<info>Container(500).ListItem(-3).Icon</info>
					<bordertexture border="4" diffuse="diffuse_mirror2.png" flipy="true">button-nofocus.png</bordertexture>
					<bordersize>4</bordersize>
				</control>
			</control>
			<control type="group">
				<posx>180</posx>
				<animation center="160" condition="true" effect="rotatey" end="-60" start="-60" time="0">Conditional</animation>
				<control type="image">
					<posx>0</posx>
					<posy>0</posy>
					<width>300</width>
					<height>440</height>
					<aspectratio>keep</aspectratio>
					<info>Container(500).ListItem(-2).Icon</info>
					<bordertexture border="4">button-nofocus.png</bordertexture>
					<bordersize>4</bordersize>
				</control>
				<control type="image">
					<posx>0</posx>
					<posy>440</posy>
					<width>300</width>
					<height>440</height>
					<aspectratio>keep</aspectratio>
					<texture diffuse="diffuse_mirror2.png" flipy="true"/>
					<info>Container(500).ListItem(-2).Icon</info>
					<bordertexture border="4" diffuse="diffuse_mirror2.png" flipy="true">button-nofocus.png</bordertexture>
					<bordersize>4</bordersize>
				</control>
			</control>
			<control type="group">
				<posx>280</posx>
				<animation center="260" condition="true" effect="rotatey" end="-60" start="-60" time="0">Conditional</animation>
				<control type="image">
					<posx>0</posx>
					<posy>0</posy>
					<width>300</width>
					<height>440</height>
					<aspectratio>keep</aspectratio>
					<info>Container(500).ListItem(-1).Icon</info>
					<bordertexture border="4">button-nofocus.png</bordertexture>
					<bordersize>4</bordersize>
				</control>
				<control type="image">
					<posx>0</posx>
					<posy>440</posy>
					<width>300</width>
					<height>440</height>
					<aspectratio>keep</aspectratio>
					<texture diffuse="diffuse_mirror2.png" flipy="true"/>
					<info>Container(500).ListItem(-1).Icon</info>
					<bordertexture border="4" diffuse="diffuse_mirror2.png" flipy="true">button-nofocus.png</bordertexture>
					<bordersize>4</bordersize>
				</control>
			</control>
			<control type="group">
				<posx>900</posx>
				<animation center="1220" condition="true" effect="rotatey" end="60" start="60" time="0">Conditional</animation>
				<control type="image">
					<posx>0</posx>
					<posy>0</posy>
					<width>300</width>
					<height>440</height>
					<aspectratio>keep</aspectratio>
					<info>Container(500).ListItem(3).Icon</info>
					<bordertexture border="4">button-nofocus.png</bordertexture>
					<bordersize>4</bordersize>
				</control>
				<control type="image">
					<posx>0</posx>
					<posy>440</posy>
					<width>300</width>
					<height>440</height>
					<aspectratio>keep</aspectratio>
					<texture diffuse="diffuse_mirror2.png" flipy="true"/>
					<info>Container(500).ListItem(3).Icon</info>
					<bordertexture border="4" diffuse="diffuse_mirror2.png" flipy="true">button-nofocus.png</bordertexture>
					<bordersize>4</bordersize>
				</control>
			</control>
			<control type="group">
				<posx>800</posx>
				<animation center="1120" condition="true" effect="rotatey" end="60" start="60" time="0">Conditional</animation>
				<control type="image">
					<posx>0</posx>
					<posy>0</posy>
					<width>300</width>
					<height>440</height>
					<aspectratio>keep</aspectratio>
					<info>Container(500).ListItem(2).Icon</info>
					<bordertexture border="4">button-nofocus.png</bordertexture>
					<bordersize>4</bordersize>
				</control>
				<control type="image">
					<posx>0</posx>
					<posy>440</posy>
					<width>300</width>
					<height>440</height>
					<aspectratio>keep</aspectratio>
					<texture diffuse="diffuse_mirror2.png" flipy="true"/>
					<info>Container(500).ListItem(2).Icon</info>
					<bordertexture border="4" diffuse="diffuse_mirror2.png" flipy="true">button-nofocus.png</bordertexture>
					<bordersize>4</bordersize>
				</control>
			</control>
			<control type="group">
				<posx>700</posx>
				<animation center="1020" condition="true" effect="rotatey" end="60" start="60" time="0">Conditional</animation>
				<control type="image">
					<posx>0</posx>
					<posy>0</posy>
					<width>300</width>
					<height>440</height>
					<aspectratio>keep</aspectratio>
					<info>Container(500).ListItem(1).Icon</info>
					<bordertexture border="4">button-nofocus.png</bordertexture>
					<bordersize>4</bordersize>
				</control>
				<control type="image">
					<posx>0</posx>
					<posy>440</posy>
					<width>300</width>
					<height>440</height>
					<aspectratio>keep</aspectratio>
					<texture diffuse="diffuse_mirror2.png" flipy="true"/>
					<info>Container(500).ListItem(1).Icon</info>
					<bordertexture border="4" diffuse="diffuse_mirror2.png" flipy="true">button-nofocus.png</bordertexture>
					<bordersize>4</bordersize>
				</control>
			</control>
			<control type="group">
				<posx>490</posx>
				<control type="image">
					<posx>0</posx>
					<posy>0</posy>
					<width>300</width>
					<height>440</height>
					<aspectratio>keep</aspectratio>
					<info>Container(500).ListItem(0).Icon</info>
					<bordertexture border="4">folder-focus.png</bordertexture>
					<bordersize>4</bordersize>
					<visible>Control.HasFocus(500)</visible>
				</control>
				<control type="image">
					<posx>0</posx>
					<posy>440</posy>
					<width>300</width>
					<height>440</height>
					<aspectratio>keep</aspectratio>
					<texture diffuse="diffuse_mirror2.png" flipy="true"/>
					<info>Container(500).ListItem(0).Icon</info>
					<bordertexture border="4" diffuse="diffuse_mirror2.png" flipy="true">folder-focus.png</bordertexture>
					<bordersize>4</bordersize>
					<visible>Control.HasFocus(500)</visible>
				</control>
			</control>
			<control type="group">
				<posx>490</posx>
				<control type="image">
					<posx>0</posx>
					<posy>0</posy>
					<width>300</width>
					<height>440</height>
					<aspectratio>keep</aspectratio>
					<info>Container(500).ListItem(0).Icon</info>
					<bordertexture border="4">button-nofocus.png</bordertexture>
					<bordersize>4</bordersize>
					<visible>!Control.HasFocus(500)</visible>
				</control>
				<control type="image">
					<posx>0</posx>
					<posy>440</posy>
					<width>300</width>
					<height>440</height>
					<aspectratio>keep</aspectratio>
					<texture diffuse="diffuse_mirror2.png" flipy="true"/>
					<info>Container(500).ListItem(0).Icon</info>
					<bordertexture border="4" diffuse="diffuse_mirror2.png" flipy="true">button-nofocus.png</bordertexture>
					<bordersize>4</bordersize>
					<visible>!Control.HasFocus(500)</visible>
				</control>
			</control>
		</control>
		<control id="500" type="wraplist">
			<include>Window_OpenClose_Animation</include>
			<description>Fake list to control coverflow movement</description>
			<visible>Container.Content(Movies) | Container.Content(TVShows)</visible>
			<posx>490</posx>
			<posy>150</posy>
			<width>306</width>
			<height>440</height>
			<onleft>57</onleft>
			<onright>57</onright>
			<onup>9000</onup>
			<ondown>61</ondown>
			<viewtype label="31032">list</viewtype>
			<pagecontrol>61</pagecontrol>
			<orientation>horizontal</orientation>
			<scrolltime>250</scrolltime>
			<focusedposition>3</focusedposition>
			<itemlayout height="1" width="1"/>
			<focusedlayout height="440" width="300">
				<control type="image">
					<posx>0</posx>
					<posy>0</posy>
					<width>300</width>
					<height>440</height>
					<info>ListItem.Icon</info>
					<aspectratio>keep</aspectratio>
					<bordertexture border="4">button-nofocus.png</bordertexture>
					<bordersize>4</bordersize>
					<visible>!Control.IsVisible(7001) + !Control.IsVisible(7002)</visible>
				</control>
			</focusedlayout>
		</control>
		<control type="group">
			<include>Window_OpenClose_Animation</include>
			<visible>Control.IsVisible(500)</visible>
			<control type="label">
				<posx>40</posx>
				<posy>600</posy>
				<width>1200</width>
				<height>35</height>
				<font>font18</font>
				<textcolor>white</textcolor>
				<scroll>true</scroll>
				<align>center</align>
				<aligny>center</aligny>
				<label>[UPPERCASE]$INFO[ListItem.Label][/UPPERCASE]</label>
			</control>
			<control id="61" type="scrollbar">
				<posx>90</posx>
				<posy>650</posy>
				<width>1100</width>
				<height>20</height>
				<texturesliderbackground border="2,2,2,2">scrollbar_bar_back2.png</texturesliderbackground>
				<texturesliderbar border="16,2,16,2">scrollbar_bar-vertical.png</texturesliderbar>
				<texturesliderbarfocus border="16,2,16,2">scrollbar_bar_focus-vertical.png</texturesliderbarfocus>
				<textureslidernib>scrollbar_nib-vertical.png</textureslidernib>
				<textureslidernibfocus>scrollbar_nib-vertical.png</textureslidernibfocus>
				<onup>50</onup>
				<ondown>9000</ondown>
				<showonepage>false</showonepage>
				<orientation>horizontal</orientation>
			</control>
		</control>
	</include>
	<include name="3d_CoverView_Music">
		<control type="image">
			<posx>0</posx>
			<posy>0</posy>
			<width>1280</width>
			<height>720</height>
			<visible>Control.IsVisible(500)</visible>
			<texture>black-back.png</texture>
			<include>Window_OpenClose_Animation</include>
		</control>
		<control type="image">
			<posx>0</posx>
			<posy>460</posy>
			<width>1280</width>
			<height>200</height>
			<visible>Control.IsVisible(500)</visible>
			<texture>white-reflect.png</texture>
			<include>Window_OpenClose_Animation</include>
		</control>
		<control id="7001" type="group">
			<include>Window_OpenClose_Animation</include>
			<posy>175</posy>
			<visible>Control.IsVisible(500) + Container.OnNext</visible>
			<animation effect="slide" end="-100,0" reversible="false" time="250">Hidden</animation>
			<control type="group">
				<posx>20</posx>
				<visible>Container.OnNext</visible>
				<animation effect="fade" end="0" reversible="false" start="100" time="250">Hidden</animation>
				<animation center="0" condition="true" effect="rotatey" end="-65" start="-65" time="0">Conditional</animation>
				<control type="image">
					<posx>0</posx>
					<posy>0</posy>
					<width>360</width>
					<height>350</height>
					<info>Container(500).ListItem(-4).Icon</info>
					<bordertexture border="4">button-nofocus.png</bordertexture>
					<bordersize>4</bordersize>
				</control>
				<control type="image">
					<posx>0</posx>
					<posy>350</posy>
					<width>360</width>
					<height>350</height>
					<texture diffuse="diffuse_mirror2.png" flipy="true"/>
					<info>Container(500).ListItem(-4).Icon</info>
					<bordertexture border="4" diffuse="diffuse_mirror2.png" flipy="true">button-nofocus.png</bordertexture>
					<bordersize>4</bordersize>
				</control>
			</control>
			<control type="group">
				<posx>120</posx>
				<animation center="100" condition="true" effect="rotatey" end="-65" start="-65" time="0">Conditional</animation>
				<control type="image">
					<posx>0</posx>
					<posy>0</posy>
					<width>360</width>
					<height>350</height>
					<info>Container(500).ListItem(-3).Icon</info>
					<bordertexture border="4">button-nofocus.png</bordertexture>
					<bordersize>4</bordersize>
				</control>
				<control type="image">
					<posx>0</posx>
					<posy>350</posy>
					<width>360</width>
					<height>350</height>
					<texture diffuse="diffuse_mirror2.png" flipy="true"/>
					<info>Container(500).ListItem(-3).Icon</info>
					<bordertexture border="4" diffuse="diffuse_mirror2.png" flipy="true">button-nofocus.png</bordertexture>
					<bordersize>4</bordersize>
				</control>
			</control>
			<control type="group">
				<posx>220</posx>
				<animation center="200" condition="true" effect="rotatey" end="-65" start="-65" time="0">Conditional</animation>
				<control type="image">
					<posx>0</posx>
					<posy>0</posy>
					<width>360</width>
					<height>350</height>
					<info>Container(500).ListItem(-2).Icon</info>
					<bordertexture border="4">button-nofocus.png</bordertexture>
					<bordersize>4</bordersize>
				</control>
				<control type="image">
					<posx>0</posx>
					<posy>350</posy>
					<width>360</width>
					<height>350</height>
					<texture diffuse="diffuse_mirror2.png" flipy="true"/>
					<info>Container(500).ListItem(-2).Icon</info>
					<bordertexture border="4" diffuse="diffuse_mirror2.png" flipy="true">button-nofocus.png</bordertexture>
					<bordersize>4</bordersize>
				</control>
			</control>
			<control type="group">
				<posx>1000</posx>
				<visible>!Container.OnNext</visible>
				<animation delay="0" effect="fade" end="100" reversible="false" start="0" time="250">Visible</animation>
				<animation center="1380" condition="true" effect="rotatey" end="65" start="65" time="0">Conditional</animation>
				<control type="image">
					<posx>0</posx>
					<posy>0</posy>
					<width>360</width>
					<height>350</height>
					<info>Container(500).ListItem(3).Icon</info>
					<bordertexture border="4">button-nofocus.png</bordertexture>
					<bordersize>4</bordersize>
				</control>
				<control type="image">
					<posx>0</posx>
					<posy>350</posy>
					<width>360</width>
					<height>350</height>
					<texture diffuse="diffuse_mirror2.png" flipy="true"/>
					<info>Container(500).ListItem(3).Icon</info>
					<bordertexture border="4" diffuse="diffuse_mirror2.png" flipy="true">button-nofocus.png</bordertexture>
					<bordersize>4</bordersize>
				</control>
			</control>
			<control type="group">
				<posx>900</posx>
				<animation center="1280" condition="true" effect="rotatey" end="65" start="65" time="0">Conditional</animation>
				<control type="image">
					<posx>0</posx>
					<posy>0</posy>
					<width>360</width>
					<height>350</height>
					<info>Container(500).ListItem(2).Icon</info>
					<bordertexture border="4">button-nofocus.png</bordertexture>
					<bordersize>4</bordersize>
				</control>
				<control type="image">
					<posx>0</posx>
					<posy>350</posy>
					<width>360</width>
					<height>350</height>
					<texture diffuse="diffuse_mirror2.png" flipy="true"/>
					<info>Container(500).ListItem(2).Icon</info>
					<bordertexture border="4" diffuse="diffuse_mirror2.png" flipy="true">button-nofocus.png</bordertexture>
					<bordersize>4</bordersize>
				</control>
			</control>
			<control type="group">
				<posx>800</posx>
				<animation center="1180" condition="true" effect="rotatey" end="65" start="65" time="0">Conditional</animation>
				<control type="image">
					<posx>0</posx>
					<posy>0</posy>
					<width>360</width>
					<height>350</height>
					<info>Container(500).ListItem(1).Icon</info>
					<bordertexture border="4">button-nofocus.png</bordertexture>
					<bordersize>4</bordersize>
				</control>
				<control type="image">
					<posx>0</posx>
					<posy>350</posy>
					<width>360</width>
					<height>350</height>
					<texture diffuse="diffuse_mirror2.png" flipy="true"/>
					<info>Container(500).ListItem(1).Icon</info>
					<bordertexture border="4" diffuse="diffuse_mirror2.png" flipy="true">button-nofocus.png</bordertexture>
					<bordersize>4</bordersize>
				</control>
			</control>
			<control type="group">
				<visible>Container.OnNext</visible>
				<animation effect="slide" end="-120,0" reversible="false" time="250">Hidden</animation>
				<control type="group">
					<posx>700</posx>
					<visible>Container.OnNext</visible>
					<animation center="1080" easing="in" effect="rotatey" end="-65" reversible="false" start="0" time="250" tween="quadratic">Hidden</animation>
					<animation center="1080" condition="true" effect="rotatey" end="65" start="65" time="0">Conditional</animation>
					<control type="image">
						<posx>0</posx>
						<posy>0</posy>
						<width>360</width>
						<height>350</height>
						<info>Container(500).ListItem(0).Icon</info>
						<bordertexture border="4">folder-focus.png</bordertexture>
						<bordersize>4</bordersize>
					</control>
					<control type="image">
						<posx>0</posx>
						<posy>350</posy>
						<width>360</width>
						<height>350</height>
						<texture diffuse="diffuse_mirror2.png" flipy="true"/>
						<info>Container(500).ListItem(0).Icon</info>
						<bordertexture border="4" diffuse="diffuse_mirror2.png" flipy="true">folder-focus.png</bordertexture>
						<bordersize>4</bordersize>
					</control>
				</control>
				<control type="group">
					<posx>460</posx>
					<visible>Container.OnNext</visible>
					<animation center="450" easing="out" effect="rotatey" end="-65" reversible="false" start="0" time="250" tween="quadratic">Hidden</animation>
					<control type="image">
						<posx>0</posx>
						<posy>0</posy>
						<width>360</width>
						<height>350</height>
						<info>Container(500).ListItem(-1).Icon</info>
						<bordertexture border="4">button-nofocus.png</bordertexture>
						<bordersize>4</bordersize>
					</control>
					<control type="image">
						<posx>0</posx>
						<posy>350</posy>
						<width>360</width>
						<height>350</height>
						<texture diffuse="diffuse_mirror2.png" flipy="true"/>
						<info>Container(500).ListItem(-1).Icon</info>
						<bordertexture border="4" diffuse="diffuse_mirror2.png" flipy="true">button-nofocus.png</bordertexture>
						<bordersize>4</bordersize>
					</control>
				</control>
			</control>
		</control>
		<control id="7002" type="group">
			<include>Window_OpenClose_Animation</include>
			<posy>175</posy>
			<visible>Control.IsVisible(500) + Container.OnPrevious</visible>
			<animation effect="slide" end="100,0" reversible="false" time="250">Hidden</animation>
			<control type="group">
				<posx>900</posx>
				<visible>Container.OnPrevious</visible>
				<animation effect="fade" end="0" reversible="false" start="100" time="250">Hidden</animation>
				<animation center="1280" condition="true" effect="rotatey" end="65" start="65" time="0">Conditional</animation>
				<control type="image">
					<posx>0</posx>
					<posy>0</posy>
					<width>360</width>
					<height>350</height>
					<info>Container(500).ListItem(4).Icon</info>
					<bordertexture border="4">button-nofocus.png</bordertexture>
					<bordersize>4</bordersize>
				</control>
				<control type="image">
					<posx>0</posx>
					<posy>350</posy>
					<width>360</width>
					<height>350</height>
					<texture diffuse="diffuse_mirror2.png" flipy="true"/>
					<info>Container(500).ListItem(4).Icon</info>
					<bordertexture border="4" diffuse="diffuse_mirror2.png" flipy="true">button-nofocus.png</bordertexture>
					<bordersize>4</bordersize>
				</control>
			</control>
			<control type="group">
				<posx>800</posx>
				<animation center="1180" condition="true" effect="rotatey" end="65" start="65" time="0">Conditional</animation>
				<control type="image">
					<posx>0</posx>
					<posy>0</posy>
					<width>360</width>
					<height>350</height>
					<info>Container(500).ListItem(3).Icon</info>
					<bordertexture border="4">button-nofocus.png</bordertexture>
					<bordersize>4</bordersize>
				</control>
				<control type="image">
					<posx>0</posx>
					<posy>350</posy>
					<width>360</width>
					<height>350</height>
					<texture diffuse="diffuse_mirror2.png" flipy="true"/>
					<info>Container(500).ListItem(3).Icon</info>
					<bordertexture border="4" diffuse="diffuse_mirror2.png" flipy="true">button-nofocus.png</bordertexture>
					<bordersize>4</bordersize>
				</control>
			</control>
			<control type="group">
				<posx>700</posx>
				<animation center="1080" condition="true" effect="rotatey" end="65" start="65" time="0">Conditional</animation>
				<control type="image">
					<posx>0</posx>
					<posy>0</posy>
					<width>360</width>
					<height>350</height>
					<info>Container(500).ListItem(2).Icon</info>
					<bordertexture border="4">button-nofocus.png</bordertexture>
					<bordersize>4</bordersize>
				</control>
				<control type="image">
					<posx>0</posx>
					<posy>350</posy>
					<width>360</width>
					<height>350</height>
					<texture diffuse="diffuse_mirror2.png" flipy="true"/>
					<info>Container(500).ListItem(2).Icon</info>
					<bordertexture border="4" diffuse="diffuse_mirror2.png" flipy="true">button-nofocus.png</bordertexture>
					<bordersize>4</bordersize>
				</control>
			</control>
			<control type="group">
				<posx>-80</posx>
				<visible>!Container.OnPrevious</visible>
				<animation effect="fade" end="100" reversible="false" start="0" time="250">Visible</animation>
				<animation center="-100" condition="true" effect="rotatey" end="-65" start="-65" time="0">Conditional</animation>
				<control type="image">
					<posx>0</posx>
					<posy>0</posy>
					<width>360</width>
					<height>350</height>
					<info>Container(500).ListItem(-3).Icon</info>
					<bordertexture border="4">button-nofocus.png</bordertexture>
					<bordersize>4</bordersize>
				</control>
				<control type="image">
					<posx>0</posx>
					<posy>350</posy>
					<width>360</width>
					<height>350</height>
					<texture diffuse="diffuse_mirror2.png" flipy="true"/>
					<info>Container(500).ListItem(-3).Icon</info>
					<bordertexture border="4" diffuse="diffuse_mirror2.png" flipy="true">button-nofocus.png</bordertexture>
					<bordersize>4</bordersize>
				</control>
			</control>
			<control type="group">
				<posx>20</posx>
				<animation center="0" condition="true" effect="rotatey" end="-65" start="-65" time="0">Conditional</animation>
				<control type="image">
					<posx>0</posx>
					<posy>0</posy>
					<width>360</width>
					<height>350</height>
					<info>Container(500).ListItem(-2).Icon</info>
					<bordertexture border="4">button-nofocus.png</bordertexture>
					<bordersize>4</bordersize>
				</control>
				<control type="image">
					<posx>0</posx>
					<posy>350</posy>
					<width>360</width>
					<height>350</height>
					<texture diffuse="diffuse_mirror2.png" flipy="true"/>
					<info>Container(500).ListItem(-2).Icon</info>
					<bordertexture border="4" diffuse="diffuse_mirror2.png" flipy="true">button-nofocus.png</bordertexture>
					<bordersize>4</bordersize>
				</control>
			</control>
			<control type="group">
				<posx>120</posx>
				<animation center="100" condition="true" effect="rotatey" end="-65" start="-65" time="0">Conditional</animation>
				<control type="image">
					<posx>0</posx>
					<posy>0</posy>
					<width>360</width>
					<height>350</height>
					<info>Container(500).ListItem(-1).Icon</info>
					<bordertexture border="4">button-nofocus.png</bordertexture>
					<bordersize>4</bordersize>
				</control>
				<control type="image">
					<posx>0</posx>
					<posy>350</posy>
					<width>360</width>
					<height>350</height>
					<texture diffuse="diffuse_mirror2.png" flipy="true"/>
					<info>Container(500).ListItem(-1).Icon</info>
					<bordertexture border="4" diffuse="diffuse_mirror2.png" flipy="true">button-nofocus.png</bordertexture>
					<bordersize>4</bordersize>
				</control>
			</control>
			<control type="group">
				<visible>Container.OnPrevious</visible>
				<animation effect="slide" end="120,0" reversible="false" time="250">Hidden</animation>
				<control type="group">
					<posx>220</posx>
					<visible>Container.OnPrevious</visible>
					<animation center="200" easing="in" effect="rotatey" end="65" reversible="false" start="0" time="250" tween="quadratic">Hidden</animation>
					<animation center="200" condition="true" effect="rotatey" end="-65" start="-65" time="0">Conditional</animation>
					<control type="image">
						<posx>0</posx>
						<posy>0</posy>
						<width>360</width>
						<height>350</height>
						<info>Container(500).ListItem(0).Icon</info>
						<bordertexture border="4">folder-focus.png</bordertexture>
						<bordersize>4</bordersize>
					</control>
					<control type="image">
						<posx>0</posx>
						<posy>350</posy>
						<width>360</width>
						<height>350</height>
						<texture diffuse="diffuse_mirror2.png" flipy="true"/>
						<info>Container(500).ListItem(0).Icon</info>
						<bordertexture border="4" diffuse="diffuse_mirror2.png" flipy="true">folder-focus.png</bordertexture>
						<bordersize>4</bordersize>
					</control>
				</control>
				<control type="group">
					<posx>460</posx>
					<visible>Container.OnPrevious</visible>
					<animation center="840" easing="out" effect="rotatey" end="65" reversible="false" start="0" time="250" tween="quadratic">Hidden</animation>
					<control type="image">
						<posx>0</posx>
						<posy>0</posy>
						<width>360</width>
						<height>350</height>
						<info>Container(500).ListItem(1).Icon</info>
						<bordertexture border="4">button-nofocus.png</bordertexture>
						<bordersize>4</bordersize>
					</control>
					<control type="image">
						<posx>0</posx>
						<posy>350</posy>
						<width>360</width>
						<height>350</height>
						<texture diffuse="diffuse_mirror2.png" flipy="true"/>
						<info>Container(500).ListItem(1).Icon</info>
						<bordertexture border="4" diffuse="diffuse_mirror2.png" flipy="true">button-nofocus.png</bordertexture>
						<bordersize>4</bordersize>
					</control>
				</control>
			</control>
		</control>
		<control id="7000" type="group">
			<include>Window_OpenClose_Animation</include>
			<posy>175</posy>
			<visible>Control.IsVisible(500) + !Control.IsVisible(7001)  + !Control.IsVisible(7002)</visible>
			<control type="group">
				<posx>20</posx>
				<animation center="0" condition="true" effect="rotatey" end="-65" start="-65" time="0">Conditional</animation>
				<control type="image">
					<posx>0</posx>
					<posy>0</posy>
					<width>360</width>
					<height>350</height>
					<info>Container(500).ListItem(-3).Icon</info>
					<bordertexture border="4">button-nofocus.png</bordertexture>
					<bordersize>4</bordersize>
				</control>
				<control type="image">
					<posx>0</posx>
					<posy>350</posy>
					<width>360</width>
					<height>350</height>
					<texture diffuse="diffuse_mirror2.png" flipy="true"/>
					<info>Container(500).ListItem(-3).Icon</info>
					<bordertexture border="4" diffuse="diffuse_mirror2.png" flipy="true">button-nofocus.png</bordertexture>
					<bordersize>4</bordersize>
				</control>
			</control>
			<control type="group">
				<posx>120</posx>
				<animation center="100" condition="true" effect="rotatey" end="-65" start="-65" time="0">Conditional</animation>
				<control type="image">
					<posx>0</posx>
					<posy>0</posy>
					<width>360</width>
					<height>350</height>
					<info>Container(500).ListItem(-2).Icon</info>
					<bordertexture border="4">button-nofocus.png</bordertexture>
					<bordersize>4</bordersize>
				</control>
				<control type="image">
					<posx>0</posx>
					<posy>350</posy>
					<width>360</width>
					<height>350</height>
					<texture diffuse="diffuse_mirror2.png" flipy="true"/>
					<info>Container(500).ListItem(-2).Icon</info>
					<bordertexture border="4" diffuse="diffuse_mirror2.png" flipy="true">button-nofocus.png</bordertexture>
					<bordersize>4</bordersize>
				</control>
			</control>
			<control type="group">
				<posx>220</posx>
				<animation center="200" condition="true" effect="rotatey" end="-65" start="-65" time="0">Conditional</animation>
				<control type="image">
					<posx>0</posx>
					<posy>0</posy>
					<width>360</width>
					<height>350</height>
					<info>Container(500).ListItem(-1).Icon</info>
					<bordertexture border="4">button-nofocus.png</bordertexture>
					<bordersize>4</bordersize>
				</control>
				<control type="image">
					<posx>0</posx>
					<posy>350</posy>
					<width>360</width>
					<height>350</height>
					<texture diffuse="diffuse_mirror2.png" flipy="true"/>
					<info>Container(500).ListItem(-1).Icon</info>
					<bordertexture border="4" diffuse="diffuse_mirror2.png" flipy="true">button-nofocus.png</bordertexture>
					<bordersize>4</bordersize>
				</control>
			</control>
			<control type="group">
				<posx>900</posx>
				<animation center="1280" condition="true" effect="rotatey" end="65" start="65" time="0">Conditional</animation>
				<control type="image">
					<posx>0</posx>
					<posy>0</posy>
					<width>360</width>
					<height>350</height>
					<info>Container(500).ListItem(3).Icon</info>
					<bordertexture border="4">button-nofocus.png</bordertexture>
					<bordersize>4</bordersize>
				</control>
				<control type="image">
					<posx>0</posx>
					<posy>350</posy>
					<width>360</width>
					<height>350</height>
					<texture diffuse="diffuse_mirror2.png" flipy="true"/>
					<info>Container(500).ListItem(3).Icon</info>
					<bordertexture border="4" diffuse="diffuse_mirror2.png" flipy="true">button-nofocus.png</bordertexture>
					<bordersize>4</bordersize>
				</control>
			</control>
			<control type="group">
				<posx>800</posx>
				<animation center="1180" condition="true" effect="rotatey" end="65" start="65" time="0">Conditional</animation>
				<control type="image">
					<posx>0</posx>
					<posy>0</posy>
					<width>360</width>
					<height>350</height>
					<info>Container(500).ListItem(2).Icon</info>
					<bordertexture border="4">button-nofocus.png</bordertexture>
					<bordersize>4</bordersize>
				</control>
				<control type="image">
					<posx>0</posx>
					<posy>350</posy>
					<width>360</width>
					<height>350</height>
					<texture diffuse="diffuse_mirror2.png" flipy="true"/>
					<info>Container(500).ListItem(2).Icon</info>
					<bordertexture border="4" diffuse="diffuse_mirror2.png" flipy="true">button-nofocus.png</bordertexture>
					<bordersize>4</bordersize>
				</control>
			</control>
			<control type="group">
				<posx>700</posx>
				<animation center="1080" condition="true" effect="rotatey" end="65" start="65" time="0">Conditional</animation>
				<control type="image">
					<posx>0</posx>
					<posy>0</posy>
					<width>360</width>
					<height>350</height>
					<info>Container(500).ListItem(1).Icon</info>
					<bordertexture border="4">button-nofocus.png</bordertexture>
					<bordersize>4</bordersize>
				</control>
				<control type="image">
					<posx>0</posx>
					<posy>350</posy>
					<width>360</width>
					<height>350</height>
					<texture diffuse="diffuse_mirror2.png" flipy="true"/>
					<info>Container(500).ListItem(1).Icon</info>
					<bordertexture border="4" diffuse="diffuse_mirror2.png" flipy="true">button-nofocus.png</bordertexture>
					<bordersize>4</bordersize>
				</control>
			</control>
			<control type="group">
				<posx>460</posx>
				<control type="image">
					<posx>0</posx>
					<posy>0</posy>
					<width>360</width>
					<height>350</height>
					<info>Container(500).ListItem(0).Icon</info>
					<bordertexture border="4">folder-focus.png</bordertexture>
					<bordersize>4</bordersize>
					<visible>Control.HasFocus(500)</visible>
				</control>
				<control type="image">
					<posx>0</posx>
					<posy>350</posy>
					<width>360</width>
					<height>350</height>
					<texture diffuse="diffuse_mirror2.png" flipy="true"/>
					<info>Container(500).ListItem(0).Icon</info>
					<bordertexture border="4" diffuse="diffuse_mirror2.png" flipy="true">folder-focus.png</bordertexture>
					<bordersize>4</bordersize>
					<visible>Control.HasFocus(500)</visible>
				</control>
				<control type="image">
					<posx>0</posx>
					<posy>0</posy>
					<width>360</width>
					<height>350</height>
					<info>Container(500).ListItem(0).Icon</info>
					<bordertexture border="4">button-nofocus.png</bordertexture>
					<bordersize>4</bordersize>
					<visible>!Control.HasFocus(500)</visible>
				</control>
				<control type="image">
					<posx>0</posx>
					<posy>350</posy>
					<width>360</width>
					<height>350</height>
					<texture diffuse="diffuse_mirror2.png" flipy="true"/>
					<info>Container(500).ListItem(0).Icon</info>
					<bordertexture border="4" diffuse="diffuse_mirror2.png" flipy="true">button-nofocus.png</bordertexture>
					<bordersize>4</bordersize>
					<visible>!Control.HasFocus(500)</visible>
				</control>
			</control>
		</control>
		<control id="500" type="wraplist">
			<include>Window_OpenClose_Animation</include>
			<description>Fake list to control coverflow movement</description>
			<visible>Container.Content(Albums) | Window.IsVisible(Musicfiles)</visible>
			<posx>460</posx>
			<posy>175</posy>
			<width>366</width>
			<height>350</height>
			<onleft>57</onleft>
			<onright>57</onright>
			<onup>9000</onup>
			<ondown>61</ondown>
			<viewtype label="31032">list</viewtype>
			<pagecontrol>61</pagecontrol>
			<orientation>horizontal</orientation>
			<scrolltime>250</scrolltime>
			<focusedposition>3</focusedposition>
			<itemlayout height="1" width="1"/>
			<focusedlayout height="350" width="360">
				<control type="image">
					<posx>0</posx>
					<posy>0</posy>
					<width>360</width>
					<height>350</height>
					<info>ListItem.Icon</info>
					<aspectratio>stretch</aspectratio>
					<bordertexture border="4">button-nofocus.png</bordertexture>
					<bordersize>4</bordersize>
					<visible>!Control.IsVisible(7001) + !Control.IsVisible(7002)</visible>
				</control>
			</focusedlayout>
		</control>
		<control type="group">
			<include>Window_OpenClose_Animation</include>
			<visible>Control.IsVisible(500)</visible>
			<control type="label">
				<posx>40</posx>
				<posy>560</posy>
				<width>1200</width>
				<height>35</height>
				<font>font18</font>
				<textcolor>white</textcolor>
				<scroll>true</scroll>
				<align>center</align>
				<aligny>center</aligny>
				<label>[UPPERCASE]$INFO[ListItem.Label][/UPPERCASE]</label>
				<visible>!Container.Content(Albums)</visible>
			</control>
			<control type="label">
				<posx>40</posx>
				<posy>545</posy>
				<width>1200</width>
				<height>35</height>
				<font>font18</font>
				<textcolor>white</textcolor>
				<scroll>true</scroll>
				<align>center</align>
				<aligny>center</aligny>
				<label>[UPPERCASE]$INFO[ListItem.Label][/UPPERCASE]</label>
				<visible>Container.Content(Albums)</visible>
			</control>
			<control type="label">
				<posx>40</posx>
				<posy>580</posy>
				<width>1200</width>
				<height>35</height>
				<font>font13</font>
				<textcolor>white</textcolor>
				<scroll>true</scroll>
				<align>center</align>
				<aligny>center</aligny>
				<label>$INFO[ListItem.Label2]</label>
				<visible>Container.Content(Albums)</visible>
			</control>
			<control id="61" type="scrollbar">
				<posx>90</posx>
				<posy>620</posy>
				<width>1100</width>
				<height>20</height>
				<texturesliderbackground border="2,2,2,2">scrollbar_bar_back2.png</texturesliderbackground>
				<texturesliderbar border="16,2,16,2">scrollbar_bar-vertical.png</texturesliderbar>
				<texturesliderbarfocus border="16,2,16,2">scrollbar_bar_focus-vertical.png</texturesliderbarfocus>
				<textureslidernib>scrollbar_nib-vertical.png</textureslidernib>
				<textureslidernibfocus>scrollbar_nib-vertical.png</textureslidernibfocus>
				<onup>50</onup>
				<ondown>9000</ondown>
				<showonepage>false</showonepage>
				<orientation>horizontal</orientation>
			</control>
		</control>
	</include>
</includes>
