<?xml version="1.0" encoding="UTF-8"?>
    <addon id="qqbenq.kodi.addon.repo" name="qqbenq's kodi addon repository" version="0.1.0" provider-name="qqbenq">
        <requires>
            <import addon="xbmc.addon" version="12.0.0"/>
        </requires>
        <extension point="xbmc.addon.repository" name="qqbenq's kodi addon repository">
            <info compressed="false">https://raw.githubusercontent.com/qqbenq/kodi-addon-repository/_repo/addons.xml</info>
            <checksum>https://raw.githubusercontent.com/qqbenq/kodi-addon-repository/_repo/addons.xml.md5</checksum>
            <datadir zip="true">https://raw.githubusercontent.com/qqbenq/kodi-addon-repository/_repo/</datadir>
            <hashes>false</hashes>
        </extension>
        <extension point="xbmc.addon.metadata">
            <summary>Repository for hosting the latest version of the PM3.HD skin.</summary>
            <description>Provides auto-update feature for the skin.</description>
            <platform>all</platform>
    </extension>
</addon>