<?xml version="1.0" encoding="UTF-8"?>
<window>
	<defaultcontrol always="true">5</defaultcontrol>
	<allowoverlay>no</allowoverlay>
	<include>dialogeffect</include>
	<controls>
		<control type="image">
			<posx>0</posx>
			<posy>0</posy>
			<width>1280</width>
			<height>720</height>
			<texture border="40">DialogBack.png</texture>
		</control>
		<control type="image">
			<posx>0</posx>
			<posy>0</posy>
			<width>1280</width>
			<height>720</height>
			<texture border="40">DialogFront.png</texture>
		</control>
		<control type="button">
			<description>Close Window button</description>
			<posx>1210</posx>
			<posy>35</posy>
			<include>WindowCloseButtonCommons</include>
		</control>
		<control type="image">
			<posx>40</posx>
			<posy>84</posy>
			<width>1200</width>
			<height>2</height>
			<texture>separator.png</texture>
		</control>
		<control type="group">
			<visible>Container.Content(Albums)</visible>
			<control type="image">
				<description>Cover image</description>
				<posx>60</posx>
				<posy>100</posy>
				<width>350</width>
				<height>350</height>
				<info>Listitem.Icon</info>
				<aspectratio>keep</aspectratio>
			</control>
			<control type="label">
				<description>Album Title value</description>
				<posx>40</posx>
				<posy>45</posy>
				<width>1200</width>
				<height>30</height>
				<align>center</align>
				<aligny>center</aligny>
				<textcolor>green</textcolor>
				<shadowcolor>black</shadowcolor>
				<label>[UPPERCASE]$INFO[Listitem.ALBUM][/UPPERCASE]</label>
				<font>font18</font>
			</control>
			<control type="list" id="49">
				<posx>440</posx>
				<posy>100</posy>
				<width>790</width>
				<height>350</height>
				<onleft>9000</onleft>
				<onright>50</onright>
				<onup>49</onup>
				<ondown>49</ondown>
				<pagecontrol>-</pagecontrol>
				<scrolltime>200</scrolltime>
				<itemlayout height="30">
					<control type="label">
						<posx>10</posx>
						<posy>0</posy>
						<width>160</width>
						<height>30</height>
						<font>font12</font>
						<align>left</align>
						<aligny>center</aligny>
						<textcolor>grey2</textcolor>
						<selectedcolor>white</selectedcolor>
						<info>ListItem.Label</info>
					</control>
					<control type="label">
						<posx>175</posx>
						<posy>0</posy>
						<width>610</width>
						<height>30</height>
						<font>font12</font>
						<align>left</align>
						<aligny>center</aligny>
						<textcolor>white</textcolor>
						<selectedcolor>white</selectedcolor>
						<info>ListItem.Label2</info>
					</control>
				</itemlayout>
				<focusedlayout height="30">
					<control type="image">
						<posx>0</posx>
						<posy>0</posy>
						<width>790</width>
						<height>30</height>
						<visible>Control.HasFocus(49)</visible>
						<texture border="5">button-focus.png</texture>
						<include>VisibleFadeEffect</include>
					</control>
					<control type="label">
						<posx>10</posx>
						<posy>0</posy>
						<width>160</width>
						<height>30</height>
						<font>font12</font>
						<align>left</align>
						<aligny>center</aligny>
						<textcolor>grey2</textcolor>
						<selectedcolor>white</selectedcolor>
						<info>ListItem.Label</info>
					</control>
					<control type="label">
						<posx>175</posx>
						<posy>0</posy>
						<width>610</width>
						<height>30</height>
						<font>font12</font>
						<align>left</align>
						<aligny>center</aligny>
						<textcolor>white</textcolor>
						<selectedcolor>white</selectedcolor>
						<info>ListItem.Label2</info>
					</control>
				</focusedlayout>
				<content>
					<item>
						<label>$LOCALIZE[557]:</label>
						<label2>$INFO[ListItem.Artist]</label2>
						<onclick>noop</onclick>
						<visible>!IsEmpty(ListItem.Artist)</visible>
					</item>
					<item>
						<label>$LOCALIZE[515]:</label>
						<label2>$INFO[ListItem.Genre]</label2>
						<onclick>noop</onclick>
						<visible>!IsEmpty(ListItem.Genre)</visible>
					</item>
					<item>
						<label>$LOCALIZE[563]:</label>
						<label2>$INFO[ListItem.Rating]</label2>
						<onclick>noop</onclick>
						<visible>!IsEmpty(ListItem.Rating)</visible>
					</item>
					<item>
						<label>$LOCALIZE[175]:</label>
						<label2>$INFO[ListItem.Property(Album_Mood)]</label2>
						<onclick>noop</onclick>
						<visible>!IsEmpty(ListItem.Property(Album_Mood))</visible>
					</item>
					<item>
						<label>$LOCALIZE[176]:</label>
						<label2>$INFO[ListItem.Property(Album_Style)]</label2>
						<onclick>noop</onclick>
						<visible>!IsEmpty(ListItem.Property(Album_Style))</visible>
					</item>
					<item>
						<label>$LOCALIZE[21895]:</label>
						<label2>$INFO[ListItem.Property(Album_Theme)]</label2>
						<onclick>noop</onclick>
						<visible>!IsEmpty(ListItem.Property(Album_Theme))</visible>
					</item>
					<item>
						<label>146</label>
						<label2>$INFO[ListItem.Property(Album_Type)]</label2>
						<onclick>noop</onclick>
						<visible>!IsEmpty(ListItem.Property(Album_Type))</visible>
					</item>
					<item>
						<label>$LOCALIZE[21899]:</label>
						<label2>$INFO[ListItem.Property(Album_Label)]</label2>
						<onclick>noop</onclick>
						<visible>!IsEmpty(ListItem.Property(Album_Label))</visible>
					</item>
					<item>
						<label>$LOCALIZE[562]:</label>
						<label2>$INFO[ListItem.Year]</label2>
						<onclick>noop</onclick>
						<visible>!IsEmpty(ListItem.Year)</visible>
					</item>
				</content>
			</control>
		</control>
		<control type="group">
			<visible>Container.Content(Artists)</visible>
			<control type="group">
				<visible>Control.HasFocus(12)</visible>
				<include>VisibleFadeEffect</include>
				<control type="label">
					<posx>690</posx>
					<posy>140</posy>
					<width>550</width>
					<height>30</height>
					<align>center</align>
					<aligny>top</aligny>
					<textcolor>grey2</textcolor>
					<shadowcolor>black</shadowcolor>
					<label>31048</label>
					<font>font13</font>
				</control>
				<control type="image">
					<description>Current Fanart image</description>
					<posx>60</posx>
					<posy>100</posy>
					<width>640</width>
					<height>350</height>
					<info>ListItem.Art(fanart)</info>
					<aspectratio>keep</aspectratio>
					<visible>!IsEmpty(ListItem.Art(fanart))</visible>
				</control>
				<control type="group">
					<visible>IsEmpty(ListItem.Art(fanart))</visible>
					<control type="image">
						<description>No Fanart Back</description>
						<posx>60</posx>
						<posy>100</posy>
						<width>640</width>
						<height>350</height>
						<texture border="5">NoCover_1.png</texture>
						<aspectratio>stretch</aspectratio>
					</control>
					<control type="image">
						<description>No Fanart Circle</description>
						<posx>80</posx>
						<posy>120</posy>
						<width>600</width>
						<height>310</height>
						<texture>NoCover_2.png</texture>
						<aspectratio>keep</aspectratio>
					</control>
					<control type="label">
						<posx>60</posx>
						<posy>100</posy>
						<width>640</width>
						<height>350</height>
						<font>font25</font>
						<textcolor>grey2</textcolor>
						<shadowcolor>black</shadowcolor>
						<align>center</align>
						<aligny>center</aligny>
						<label>31010</label>
					</control>
				</control>
			</control>
			<control type="group">
				<visible>!Control.HasFocus(12)</visible>
				<include>VisibleFadeEffect</include>
				<control type="image">
					<description>Cover image</description>
					<posx>60</posx>
					<posy>100</posy>
					<width>350</width>
					<height>350</height>
					<info>Listitem.Icon</info>
					<aspectratio>keep</aspectratio>
				</control>
				<control type="label">
					<description>Artists Title value</description>
					<posx>40</posx>
					<posy>45</posy>
					<width>1200</width>
					<height>30</height>
					<align>center</align>
					<aligny>center</aligny>
					<textcolor>green</textcolor>
					<shadowcolor>black</shadowcolor>
					<label>[UPPERCASE]$INFO[Listitem.Artist][/UPPERCASE]</label>
					<font>font18</font>
				</control>
				<control type="list" id="49">
					<posx>440</posx>
					<posy>100</posy>
					<width>790</width>
					<height>350</height>
					<onleft>9000</onleft>
					<onright>50</onright>
					<onup>49</onup>
					<ondown>49</ondown>
					<pagecontrol>-</pagecontrol>
					<scrolltime>200</scrolltime>
					<itemlayout height="30">
						<control type="label">
							<posx>10</posx>
							<posy>0</posy>
							<width>160</width>
							<height>30</height>
							<font>font12</font>
							<align>left</align>
							<aligny>center</aligny>
							<textcolor>grey2</textcolor>
							<selectedcolor>white</selectedcolor>
							<info>ListItem.Label</info>
						</control>
						<control type="label">
							<posx>175</posx>
							<posy>0</posy>
							<width>610</width>
							<height>30</height>
							<font>font12</font>
							<align>left</align>
							<aligny>center</aligny>
							<textcolor>white</textcolor>
							<selectedcolor>white</selectedcolor>
							<info>ListItem.Label2</info>
						</control>
					</itemlayout>
					<focusedlayout height="30">
						<control type="image">
							<posx>0</posx>
							<posy>0</posy>
							<width>790</width>
							<height>30</height>
							<visible>Control.HasFocus(49)</visible>
							<texture border="5">button-focus.png</texture>
							<include>VisibleFadeEffect</include>
						</control>
						<control type="label">
							<posx>10</posx>
							<posy>0</posy>
							<width>160</width>
							<height>30</height>
							<font>font12</font>
							<align>left</align>
							<aligny>center</aligny>
							<textcolor>grey2</textcolor>
							<selectedcolor>white</selectedcolor>
							<info>ListItem.Label</info>
						</control>
						<control type="label">
							<posx>175</posx>
							<posy>0</posy>
							<width>610</width>
							<height>30</height>
							<font>font12</font>
							<align>left</align>
							<aligny>center</aligny>
							<textcolor>white</textcolor>
							<selectedcolor>white</selectedcolor>
							<info>ListItem.Label2</info>
						</control>
					</focusedlayout>
					<content>
						<item>
							<label>$LOCALIZE[21893]:</label>
							<label2>$INFO[ListItem.Property(Artist_Born)]</label2>
							<onclick>noop</onclick>
							<visible>!IsEmpty(ListItem.Property(Artist_Born))</visible>
						</item>
						<item>
							<label>$LOCALIZE[21894]:</label>
							<label2>$INFO[ListItem.Property(Artist_Formed)]</label2>
							<onclick>noop</onclick>
							<visible>!IsEmpty(ListItem.Property(Artist_Formed))</visible>
						</item>
						<item>
							<label>$LOCALIZE[515]:</label>
							<label2>$INFO[ListItem.Genre]</label2>
							<onclick>noop</onclick>
							<visible>!IsEmpty(ListItem.Genre)</visible>
						</item>
						<item>
							<label>$LOCALIZE[175]:</label>
							<label2>$INFO[ListItem.Property(Artist_Mood)]</label2>
							<onclick>noop</onclick>
							<visible>!IsEmpty(ListItem.Property(Artist_Mood))</visible>
						</item>
						<item>
							<label>$LOCALIZE[176]:</label>
							<label2>$INFO[ListItem.Property(Artist_Style)]</label2>
							<onclick>noop</onclick>
							<visible>!IsEmpty(ListItem.Property(Artist_Style))</visible>
						</item>
						<item>
							<label>$LOCALIZE[21892]:</label>
							<label2>$INFO[ListItem.Property(Artist_Instrument)]</label2>
							<onclick>noop</onclick>
							<visible>!IsEmpty(ListItem.Property(Artist_Instrument))</visible>
						</item>
						<item>
							<label>$LOCALIZE[21897]:</label>
							<label2>$INFO[ListItem.Property(Artist_Died)]</label2>
							<onclick>noop</onclick>
							<visible>!IsEmpty(ListItem.Property(Artist_Died))</visible>
						</item>
						<item>
							<label>$LOCALIZE[21896]:</label>
							<label2>$INFO[ListItem.Property(Artist_Disbanded)]</label2>
							<onclick>noop</onclick>
							<visible>!IsEmpty(ListItem.Property(Artist_Disbanded))</visible>
						</item>
						<item>
							<label>$LOCALIZE[21898]:</label>
							<label2>$INFO[ListItem.Property(Artist_YearsActive)]</label2>
							<onclick>noop</onclick>
							<visible>!IsEmpty(ListItem.Property(Artist_YearsActive))</visible>
						</item>
					</content>
				</control>
			</control>
		</control>
		<control type="image">
			<posx>40</posx>
			<posy>460</posy>
			<width>1200</width>
			<height>4</height>
			<texture>separator.png</texture>
		</control>
		<control type="textbox" id="4">
			<description>textarea</description>
			<posx>290</posx>
			<posy>480</posy>
			<width>930</width>
			<height>160</height>
			<font>font11</font>
			<align>justify</align>
			<textcolor>white</textcolor>
			<shadowcolor>black</shadowcolor>
			<onleft>5</onleft>
			<onright>50</onright>
			<onup>5</onup>
			<ondown>50</ondown>
			<visible>!Control.IsVisible(50)</visible>
			<pagecontrol>61</pagecontrol>
			<autoscroll time="3000" delay="4000" repeat="5000">!Control.HasFocus(61) + Skin.HasSetting(AutoScroll)</autoscroll>
		</control>
		<control type="panel" id="50">
			<posx>290</posx>
			<posy>480</posy>
			<width>930</width>
			<height>160</height>
			<onleft>9000</onleft>
			<onright>61</onright>
			<onup>50</onup>
			<ondown>50</ondown>
			<viewtype label="">list</viewtype>
			<pagecontrol>61</pagecontrol>
			<scrolltime>200</scrolltime>
			<orientation>vertical</orientation>
			<itemlayout condition="Container.Content(Albums)" height="35" width="465">
				<control type="image">
					<posx>0</posx>
					<posy>0</posy>
					<width>463</width>
					<height>33</height>
					<texture border="5">button-nofocus.png</texture>
				</control>
				<control type="label">
					<posx>10</posx>
					<posy>0</posy>
					<width>440</width>
					<height>33</height>
					<font>font12</font>
					<align>left</align>
					<aligny>center</aligny>
					<selectedcolor>white</selectedcolor>
					<label>([COLOR=green][B]$INFO[ListItem.TrackNumber][/B][/COLOR]) - $INFO[ListItem.Label]</label>
				</control>
				<control type="label">
					<posx>453</posx>
					<posy>0</posy>
					<width>2008</width>
					<height>33</height>
					<font>font12</font>
					<align>right</align>
					<aligny>center</aligny>
					<selectedcolor>white</selectedcolor>
					<label>$INFO[ListItem.Duration]</label>
				</control>
			</itemlayout>
			<focusedlayout condition="Container.Content(Albums)" height="35" width="465">
				<control type="image">
					<posx>0</posx>
					<posy>0</posy>
					<width>463</width>
					<height>33</height>
					<visible>!Control.HasFocus(50)</visible>
					<texture border="5">button-nofocus.png</texture>
				</control>
				<control type="image">
					<posx>0</posx>
					<posy>0</posy>
					<width>463</width>
					<height>33</height>
					<visible>Control.HasFocus(50)</visible>
					<texture border="5">button-focus.png</texture>
				</control>
				<control type="label">
					<posx>10</posx>
					<posy>0</posy>
					<width>440</width>
					<height>33</height>
					<font>font12</font>
					<align>left</align>
					<aligny>center</aligny>
					<selectedcolor>white</selectedcolor>
					<label>([COLOR=green][B]$INFO[ListItem.TrackNumber][/B][/COLOR]) - $INFO[ListItem.Label]</label>
				</control>
				<control type="label">
					<posx>453</posx>
					<posy>0</posy>
					<width>2008</width>
					<height>33</height>
					<font>font12</font>
					<align>right</align>
					<aligny>center</aligny>
					<selectedcolor>white</selectedcolor>
					<label>$INFO[ListItem.Duration]</label>
				</control>
			</focusedlayout>
			<itemlayout condition="Container.Content(Artists)" height="35" width="380">
				<control type="image">
					<posx>0</posx>
					<posy>0</posy>
					<width>378</width>
					<height>33</height>
					<texture border="5">button-nofocus.png</texture>
				</control>
				<control type="label">
					<posx>10</posx>
					<posy>0</posy>
					<width>358</width>
					<height>33</height>
					<font>font12</font>
					<align>left</align>
					<aligny>center</aligny>
					<selectedcolor>white</selectedcolor>
					<info>ListItem.Label</info>
				</control>
			</itemlayout>
			<focusedlayout condition="Container.Content(Artists)" height="35" width="380">
				<control type="image">
					<posx>0</posx>
					<posy>0</posy>
					<width>378</width>
					<height>33</height>
					<visible>!Control.HasFocus(50)</visible>
					<texture border="5">button-nofocus.png</texture>
				</control>
				<control type="image">
					<posx>0</posx>
					<posy>0</posy>
					<width>378</width>
					<height>33</height>
					<visible>Control.HasFocus(50)</visible>
					<texture border="5">button-focus.png</texture>
				</control>
				<control type="label">
					<posx>10</posx>
					<posy>0</posy>
					<width>358</width>
					<height>33</height>
					<font>font12</font>
					<align>left</align>
					<aligny>center</aligny>
					<selectedcolor>white</selectedcolor>
					<info>ListItem.Label</info>
				</control>
			</focusedlayout>
		</control>
		<control type="image">
			<description>Album image</description>
			<posx>1060</posx>
			<posy>480</posy>
			<width>160</width>
			<height>160</height>
			<texture>$INFO[Container(50).Listitem.Icon]</texture>
			<aspectratio>keep</aspectratio>
			<visible>Control.IsVisible(50) + Container.Content(Artists)</visible>
		</control>
		<control type="spincontrol" id="61">
			<description>Next page button</description>
			<posx>130r</posx>
			<posy>650</posy>
			<subtype>page</subtype>
			<font>font12b</font>
			<onleft>50</onleft>
			<onright>9000</onright>
			<ondown>49</ondown>
			<onup>50</onup>
			<textcolor>white</textcolor>
			<showonepage>true</showonepage>
			<animation effect="slide" time="0" end="-180,0" condition="Control.IsVisible(50) + Container.Content(Artists)">Conditional</animation>
		</control>
		<control type="group" id="9001">
			<control type="group" id="9000">
				<posx>60</posx>
				<posy>480</posy>
				<control type="button" id="5">
					<description>Cast/Review</description>
					<posx>0</posx>
					<posy>0</posy>
					<include>ButtonInfoDialogsCommonValues</include>
					<label>206</label>
					<onleft>61</onleft>
					<onright>49</onright>
					<onup>12</onup>
					<ondown>6</ondown>
				</control>
				<control type="button" id="6">
					<description>Refresh</description>
					<posx>0</posx>
					<posy>35</posy>
					<include>ButtonInfoDialogsCommonValues</include>
					<label>184</label>
					<onleft>61</onleft>
					<onright>49</onright>
					<onup>5</onup>
					<ondown>10</ondown>
				</control>
				<control type="button" id="10">
					<description>Get Thumb</description>
					<posx>0</posx>
					<posy>70</posy>
					<include>ButtonInfoDialogsCommonValues</include>
					<label>13405</label>
					<onleft>61</onleft>
					<onright>49</onright>
					<onup>6</onup>
					<ondown>12</ondown>
				</control>
				<control type="button" id="12">
					<description>Get Fanart</description>
					<posx>0</posx>
					<posy>105</posy>
					<include>ButtonInfoDialogsCommonValues</include>
					<label>20413</label>
					<onleft>61</onleft>
					<onright>49</onright>
					<onup>10</onup>
					<ondown>5</ondown>
				</control>
			</control>
		</control>
		<control type="image">
			<description>background image</description>
			<posx>0</posx>
			<posy>0</posy>
			<width>900</width>
			<height>520</height>
			<texture border="40">DialogBack.png</texture>
		</control>
		<control type="image">
			<description>background image</description>
			<posx>0</posx>
			<posy>0</posy>
			<width>900</width>
			<height>520</height>
			<texture border="40">DialogFront.png</texture>
		</control>
		<control type="label">
			<description>heading label</description>
			<posx>40</posx>
			<posy>40</posy>
			<width>820</width>
			<height>30</height>
			<align>center</align>
			<aligny>center</aligny>
			<font>font18</font>
			<label>$LOCALIZE[658]</label>
			<textcolor>dialogheader</textcolor>
		</control>
		<control type="button">
			<description>Close Window button</description>
			<posx>830</posx>
			<posy>35</posy>
			<include>WindowCloseButtonCommons</include>
		</control>
		<control type="image">
			<posx>40</posx>
			<posy>79</posy>
			<width>820</width>
			<height>4</height>
			<texture>separator.png</texture>
		</control>
		<control type="label">
			<description>Song Title value</description>
			<posx>40</posx>
			<posy>90</posy>
			<width>820</width>
			<height>30</height>
			<align>center</align>
			<aligny>center</aligny>
			<font>font18</font>
			<info>ListItem.Title</info>
			<textcolor>green</textcolor>
		</control>
		<control type="grouplist">
			<posx>50</posx>
			<posy>140</posy>
			<width>200</width>
			<height>280</height>
			<usecontrolcoords>true</usecontrolcoords>
			<control type="group">
				<control type="image">
					<posx>0</posx>
					<posy>0</posy>
					<width>200</width>
					<height>200</height>
					<aspectratio aligny="bottom">keep</aspectratio>
					<texture>$INFO[ListItem.Icon]</texture>
				</control>
				<control type="image">
					<posx>0</posx>
					<posy>200</posy>
					<width>200</width>
					<height>200</height>
					<aspectratio aligny="top">keep</aspectratio>
					<texture flipy="true" diffuse="diffuse_mirror2.png">$INFO[ListItem.Icon]</texture>
				</control>
			</control>
		</control>
		<control type="image">
			<description>Rating value</description>
			<posx>50</posx>
			<posy>360</posy>
			<width>160</width>
			<height>32</height>
			<info>ListItem.StarRating</info>
		</control>
		<control type="button" id="14">
			<description>Decrease Rating</description>
			<posx>220</posx>
			<posy>370</posy>
			<width>33</width>
			<height>22</height>
			<onclick>DecreaseRating</onclick>
			<texturenofocus>scroll-down-2.png</texturenofocus>
			<texturefocus>scroll-down-focus-2.png</texturefocus>
			<onleft>15</onleft>
			<onright>15</onright>
			<ondown>10</ondown>
			<onup>10</onup>
		</control>
		<control type="button" id="15">
			<description>Increase Rating</description>
			<posx>253</posx>
			<posy>370</posy>
			<width>33</width>
			<height>22</height>
			<onclick>IncreaseRating</onclick>
			<texturenofocus>scroll-up-2.png</texturenofocus>
			<texturefocus>scroll-up-focus-2.png</texturefocus>
			<onleft>14</onleft>
			<onright>14</onright>
			<ondown>10</ondown>
			<onup>10</onup>
		</control>
		<control type="label">
			<description>Artist Title</description>
			<posx>270</posx>
			<posy>140</posy>
			<width>110</width>
			<height>25</height>
			<align>left</align>
			<aligny>center</aligny>
			<font>font12</font>
			<textcolor>grey2</textcolor>
			<label>$LOCALIZE[557]:</label>
		</control>
		<control type="fadelabel">
			<description>Artist Value</description>
			<posx>390</posx>
			<posy>140</posy>
			<width>480</width>
			<height>25</height>
			<align>left</align>
			<aligny>center</aligny>
			<font>font12</font>
			<textcolor>white</textcolor>
			<label fallback="161">$INFO[ListItem.Artist]</label>
		</control>
		<control type="label">
			<description>Album Title</description>
			<posx>270</posx>
			<posy>170</posy>
			<width>110</width>
			<height>25</height>
			<align>left</align>
			<aligny>center</aligny>
			<font>font12</font>
			<textcolor>grey2</textcolor>
			<label>$LOCALIZE[558]:</label>
		</control>
		<control type="fadelabel">
			<description>Album Value</description>
			<posx>390</posx>
			<posy>170</posy>
			<width>480</width>
			<height>25</height>
			<align>left</align>
			<aligny>center</aligny>
			<font>font12</font>
			<textcolor>white</textcolor>
			<label fallback="161">$INFO[ListItem.Album]$INFO[musicplayer.discnumber, - $LOCALIZE[427]:]</label>
		</control>
		<control type="label">
			<description>Genre Title</description>
			<posx>270</posx>
			<posy>200</posy>
			<width>110</width>
			<height>25</height>
			<align>left</align>
			<aligny>center</aligny>
			<font>font12</font>
			<textcolor>grey2</textcolor>
			<label>$LOCALIZE[515]:</label>
		</control>
		<control type="fadelabel">
			<description>Genre Value</description>
			<posx>390</posx>
			<posy>200</posy>
			<width>480</width>
			<height>25</height>
			<align>left</align>
			<aligny>center</aligny>
			<font>font12</font>
			<textcolor>white</textcolor>
			<label fallback="161">$INFO[ListItem.Genre]</label>
		</control>
		<control type="label">
			<description>Year Title</description>
			<posx>270</posx>
			<posy>230</posy>
			<width>110</width>
			<height>25</height>
			<align>left</align>
			<aligny>center</aligny>
			<font>font12</font>
			<textcolor>grey2</textcolor>
			<label>$LOCALIZE[562]:</label>
		</control>
		<control type="fadelabel">
			<description>Year Value</description>
			<posx>390</posx>
			<posy>230</posy>
			<width>480</width>
			<height>25</height>
			<align>left</align>
			<aligny>center</aligny>
			<font>font12</font>
			<textcolor>white</textcolor>
			<label fallback="161">$INFO[ListItem.Year]</label>
		</control>
		<control type="label">
			<description>Track Number Title</description>
			<posx>270</posx>
			<posy>260</posy>
			<width>110</width>
			<height>25</height>
			<align>left</align>
			<aligny>center</aligny>
			<font>font12</font>
			<textcolor>grey2</textcolor>
			<label>$LOCALIZE[554]:</label>
		</control>
		<control type="fadelabel">
			<description>Track Number Value</description>
			<posx>390</posx>
			<posy>260</posy>
			<width>480</width>
			<height>25</height>
			<align>left</align>
			<aligny>center</aligny>
			<font>font12</font>
			<textcolor>white</textcolor>
			<label fallback="161">$INFO[ListItem.TrackNumber]</label>
		</control>
		<control type="label">
			<description>Rating Title</description>
			<posx>270</posx>
			<posy>290</posy>
			<width>110</width>
			<height>25</height>
			<align>left</align>
			<aligny>center</aligny>
			<font>font12</font>
			<textcolor>grey2</textcolor>
			<label>$LOCALIZE[563]:</label>
		</control>
		<control type="fadelabel">
			<description>Rating Value</description>
			<posx>390</posx>
			<posy>290</posy>
			<width>480</width>
			<height>25</height>
			<align>left</align>
			<aligny>center</aligny>
			<font>font12</font>
			<textcolor>white</textcolor>
			<label fallback="161">$INFO[ListItem.Rating]</label>
		</control>
		<control type="label">
			<description>Comment Title</description>
			<posx>270</posx>
			<posy>320</posy>
			<width>110</width>
			<height>25</height>
			<align>left</align>
			<aligny>center</aligny>
			<font>font12</font>
			<textcolor>grey2</textcolor>
			<label>$LOCALIZE[569]:</label>
		</control>
		<control type="textbox">
			<description>Comment value</description>
			<posx>390</posx>
			<posy>320</posy>
			<width>480</width>
			<height>100</height>
			<font>font12</font>
			<label fallback="161">$INFO[ListItem.Comment]</label>
		</control>
		<control type="button" id ="13">
			<description>Get Thumb button</description>
			<posx>40</posx>
			<posy>440</posy>
			<width>200</width>
			<height>32</height>
			<label>13405</label>
			<font>font12</font>
			<align>center</align>
			<texturenofocus border="3">button-nofocus.png</texturenofocus>
			<texturefocus border="3">button-focus2.png</texturefocus>
			<onleft>11</onleft>
			<onright>12</onright>
			<onup>14</onup>
			<ondown>14</ondown>
		</control>
		<control type="button" id="12">
			<description>Album Info button</description>
			<posx>245</posx>
			<posy>440</posy>
			<width>200</width>
			<height>32</height>
			<label>10523</label>
			<font>font12</font>
			<align>center</align>
			<texturenofocus border="3">button-nofocus.png</texturenofocus>
			<texturefocus border="3">button-focus2.png</texturefocus>
			<onleft>13</onleft>
			<onright>10</onright>
			<onup>14</onup>
			<ondown>14</ondown>
		</control>
		<control type="button" id ="10">
			<description>Ok button</description>
			<posx>455</posx>
			<posy>440</posy>
			<width>200</width>
			<height>32</height>
			<label>186</label>
			<font>font13</font>
			<align>center</align>
			<texturenofocus border="3">button-nofocus.png</texturenofocus>
			<texturefocus border="3">button-focus2.png</texturefocus>
			<onleft>12</onleft>
			<onright>11</onright>
			<onup>14</onup>
			<ondown>14</ondown>
		</control>
		<control type="button" id="11">
			<description>Cancel button</description>
			<posx>660</posx>
			<posy>440</posy>
			<width>200</width>
			<height>32</height>
			<label>222</label>
			<font>font13</font>
			<align>center</align>
			<texturenofocus border="3">button-nofocus.png</texturenofocus>
			<texturefocus border="3">button-focus2.png</texturefocus>
			<onleft>10</onleft>
			<onright>13</onright>
			<onup>14</onup>
			<ondown>14</ondown>
		</control>
	</controls>
</window>
