<window>
    <defaultcontrol always="true">21</defaultcontrol>
    <include>dialogeffect</include>
    <coordinates>
        <system>2</system>
        <posx>0</posx>
        <posy>200</posy>
    </coordinates>
    <controls>
            <control type="image">
                <posx>495</posx>
                <posy>-32</posy>
                <width>290</width>
                <height>150</height>
                <texture border="40">DialogBack.png</texture>
            </control>
            <control type="image">
                <posx>495</posx>
                <posy>-32</posy>
                <width>290</width>
                <height>150</height>
                <texture border="40">DialogFront.png</texture>
            </control>
        <control type="label" id="1">
            <description>dialog Heading</description>
            <posx>60</posx>
            <posy>2</posy>
            <width>1160</width>
            <height>30</height>
            <font>font13</font>
            <textcolor>green</textcolor>
            <align>center</align>
            <aligny>center</aligny>
        </control>
        <control type="label" id="4">
            <description>Edit Text</description>
            <posx>20</posx>
            <posy>35</posy>
            <width>1240</width>
            <height>30</height>
            <font>font13</font>
            <textcolor>white</textcolor>
            <disabledcolor>grey</disabledcolor>
            <align>center</align>
            <aligny>center</aligny>
        </control>
        <control type="group">
            <posx>540</posx>
            <posy>105</posy>
            <control type="image">
                <posx>-45</posx>
                <posy>-45</posy>
                <width>290</width>
                <height>290</height>
                <texture border="40">DialogBack.png</texture>
            </control>
            <control type="image">
                <posx>-45</posx>
                <posy>-45</posy>
                <width>290</width>
                <height>290</height>
                <texture border="40">DialogFront.png</texture>
            </control>
            <control type="button" id="11">
                <description>1 button</description>
                <posx>0</posx>
                <posy>0</posy>
                <width>48</width>
                <height>48</height>
                <font>font13</font>
                <align>center</align>
                <aligny>center</aligny>
                <texturenofocus border="4">button-nofocus.png</texturenofocus>
                <texturefocus border="4">button-focus-keyboard.png</texturefocus>
                <label>12311</label>
                <onleft>23</onleft>
                <onright>12</onright>
                <onup>20</onup>
                <ondown>14</ondown>
            </control>
            <control type="button" id="12">
                <description>2 button</description>
                <posx>50</posx>
                <posy>0</posy>
                <width>48</width>
                <height>48</height>
                <font>font13</font>
                <align>center</align>
                <aligny>center</aligny>
                <texturenofocus border="4">button-nofocus.png</texturenofocus>
                <texturefocus border="4">button-focus-keyboard.png</texturefocus>
                <label>12312</label>
                <onleft>11</onleft>
                <onright>13</onright>
                <onup>10</onup>
                <ondown>15</ondown>
            </control>
            <control type="button" id="13">
                <description>3 button</description>
                <posx>100</posx>
                <posy>0</posy>
                <width>48</width>
                <height>48</height>
                <font>font13</font>
                <align>center</align>
                <aligny>center</aligny>
                <texturenofocus border="4">button-nofocus.png</texturenofocus>
                <texturefocus border="4">button-focus-keyboard.png</texturefocus>
                <label>12313</label>
                <onleft>12</onleft>
                <onright>23</onright>
                <onup>22</onup>
                <ondown>16</ondown>
            </control>
            <control type="button" id="23">
                <description>Backspace button</description>
                <posx>150</posx>
                <posy>0</posy>
                <width>48</width>
                <height>98</height>
                <textwidth>94</textwidth>
                <font>font10</font>
                <align>center</align>
                <aligny>center</aligny>
                <texturenofocus border="4">button-nofocus.png</texturenofocus>
                <texturefocus border="4">button-focus-keyboard.png</texturefocus>
                <label>20181</label>
                <angle>270</angle>
                <onleft>13</onleft>
                <onright>11</onright>
                <onup>21</onup>
                <ondown>21</ondown>
            </control>
            <control type="button" id="14">
                <description>4 button</description>
                <posx>0</posx>
                <posy>50</posy>
                <width>48</width>
                <height>48</height>
                <font>font13</font>
                <align>center</align>
                <aligny>center</aligny>
                <texturenofocus border="4">button-nofocus.png</texturenofocus>
                <texturefocus border="4">button-focus-keyboard.png</texturefocus>
                <label>12314</label>
                <onleft>23</onleft>
                <onright>15</onright>
                <onup>11</onup>
                <ondown>17</ondown>
            </control>
            <control type="button" id="15">
                <description>5 button</description>
                <posx>50</posx>
                <posy>50</posy>
                <width>48</width>
                <height>48</height>
                <font>font13</font>
                <align>center</align>
                <aligny>center</aligny>
                <texturenofocus border="4">button-nofocus.png</texturenofocus>
                <texturefocus border="4">button-focus-keyboard.png</texturefocus>
                <label>12315</label>
                <onleft>14</onleft>
                <onright>16</onright>
                <onup>12</onup>
                <ondown>18</ondown>
            </control>
            <control type="button" id="16">
                <description>6 button</description>
                <posx>100</posx>
                <posy>50</posy>
                <width>48</width>
                <height>48</height>
                <font>font13</font>
                <align>center</align>
                <aligny>center</aligny>
                <texturenofocus border="4">button-nofocus.png</texturenofocus>
                <texturefocus border="4">button-focus-keyboard.png</texturefocus>
                <label>12316</label>
                <onleft>15</onleft>
                <onright>23</onright>
                <onup>13</onup>
                <ondown>19</ondown>
            </control>
            <control type="button" id="17">
                <description>7 button</description>
                <posx>0</posx>
                <posy>100</posy>
                <width>48</width>
                <height>48</height>
                <font>font13</font>
                <align>center</align>
                <aligny>center</aligny>
                <texturenofocus border="4">button-nofocus.png</texturenofocus>
                <texturefocus border="4">button-focus-keyboard.png</texturefocus>
                <label>12317</label>
                <onleft>21</onleft>
                <onright>18</onright>
                <onup>14</onup>
                <ondown>20</ondown>
            </control>
            <control type="button" id="18">
                <description>8 button</description>
                <posx>50</posx>
                <posy>100</posy>
                <width>48</width>
                <height>48</height>
                <font>font13</font>
                <align>center</align>
                <aligny>center</aligny>
                <texturenofocus border="4">button-nofocus.png</texturenofocus>
                <texturefocus border="4">button-focus-keyboard.png</texturefocus>
                <label>12318</label>
                <onleft>17</onleft>
                <onright>19</onright>
                <onup>15</onup>
                <ondown>10</ondown>
            </control>
            <control type="button" id="19">
                <description>9 button</description>
                <posx>100</posx>
                <posy>100</posy>
                <width>48</width>
                <height>48</height>
                <font>font13</font>
                <align>center</align>
                <aligny>center</aligny>
                <texturenofocus border="4">button-nofocus.png</texturenofocus>
                <texturefocus border="4">button-focus-keyboard.png</texturefocus>
                <label>12319</label>
                <onleft>18</onleft>
                <onright>21</onright>
                <onup>16</onup>
                <ondown>22</ondown>
            </control>
            <control type="button" id="21">
                <description>Done button</description>
                <posx>150</posx>
                <posy>100</posy>
                <width>48</width>
                <height>98</height>
                <textwidth>94</textwidth>
                <font>font10</font>
                <align>center</align>
                <aligny>center</aligny>
                <texturenofocus border="4">button-nofocus.png</texturenofocus>
                <texturefocus border="4">button-focus-keyboard.png</texturefocus>
                <label>20177</label>
                <angle>270</angle>
                <onleft>19</onleft>
                <onright>17</onright>
                <onup>23</onup>
                <ondown>23</ondown>
            </control>
            <control type="button" id="20">
                <description>prev button</description>
                <posx>0</posx>
                <posy>150</posy>
                <width>48</width>
                <height>48</height>
                <font>font13</font>
                <label>&lt;&lt;</label>
                <align>center</align>
                <aligny>center</aligny>
                <texturenofocus border="4">button-nofocus.png</texturenofocus>
                <texturefocus border="4">button-focus-keyboard.png</texturefocus>
                <onleft>21</onleft>
                <onright>10</onright>
                <onup>17</onup>
                <ondown>11</ondown>
            </control>
            <control type="button" id="10">
                <description>0 button</description>
                <posx>50</posx>
                <posy>150</posy>
                <width>48</width>
                <height>48</height>
                <font>font13</font>
                <align>center</align>
                <aligny>center</aligny>
                <texturenofocus border="4">button-nofocus.png</texturenofocus>
                <texturefocus border="4">button-focus-keyboard.png</texturefocus>
                <label>12310</label>
                <onleft>20</onleft>
                <onright>22</onright>
                <onup>18</onup>
                <ondown>12</ondown>
            </control>
            <control type="button" id="22">
                <description>next button</description>
                <posx>100</posx>
                <posy>150</posy>
                <width>48</width>
                <height>48</height>
                <font>font13</font>
                <label>&gt;&gt;</label>
                <align>center</align>
                <aligny>center</aligny>
                <texturenofocus border="4">button-nofocus.png</texturenofocus>
                <texturefocus border="4">button-focus-keyboard.png</texturefocus>
                <onleft>10</onleft>
                <onright>21</onright>
                <onup>19</onup>
                <ondown>13</ondown>
            </control>
        </control>
    </controls>
</window>