<?xml version="1.0" encoding="UTF-8"?>
<window>
	<defaultcontrol always="true">8</defaultcontrol>
	<include>dialogeffect</include>
	<controls>
		<control type="image">
			<description>media info background image</description>
			<posx>0</posx>
			<posy>0</posy>
			<width>1280</width>
			<height>200</height>
			<texture>black-back.png</texture>
		</control>

		<control type="group">
			<control type="grouplist">
				<posx>15</posx>
				<posy>15</posy>
				<control type="label">
					<posx>20</posx>
					<posy>20</posy>
					<width>250</width>
					<height>20</height>
					<font>font11</font>
					<align>left</align>
					<aligny>center</aligny>
					<textcolor>grey2</textcolor>
					<selectedcolor>white</selectedcolor>
					<label>Video decoder:</label>
				</control>
				<control type="label">
					<posx>20</posx>
					<posy>45</posy>
					<width>250</width>
					<height>20</height>
					<font>font11</font>
					<align>left</align>
					<aligny>center</aligny>
					<textcolor>grey2</textcolor>
					<selectedcolor>white</selectedcolor>
					<label>Pixel format:</label>
				</control>
				<control type="label">
					<posx>20</posx>
					<posy>70</posy>
					<width>250</width>
					<height>20</height>
					<font>font11</font>
					<align>left</align>
					<aligny>center</aligny>
					<textcolor>grey2</textcolor>
					<selectedcolor>white</selectedcolor>
					<label>Deinterlace method:</label>
				</control>
				<control type="label">
					<posx>20</posx>
					<posy>95</posy>
					<width>250</width>
					<height>20</height>
					<font>font11</font>
					<align>left</align>
					<aligny>center</aligny>
					<textcolor>grey2</textcolor>
					<selectedcolor>white</selectedcolor>
					<label>Video stream:</label>
				</control>
				<control type="label">
					<posx>20</posx>
					<posy>120</posy>
					<width>250</width>
					<height>20</height>
					<font>font11</font>
					<align>left</align>
					<aligny>center</aligny>
					<textcolor>grey2</textcolor>
					<selectedcolor>white</selectedcolor>
					<label>Audio stream:</label>
				</control>
				<control type="label">
					<posx>20</posx>
					<posy>145</posy>
					<width>250</width>
					<height>20</height>
					<font>font11</font>
					<align>left</align>
					<aligny>center</aligny>
					<textcolor>grey2</textcolor>
					<selectedcolor>white</selectedcolor>
					<label>System memory usage:</label>
				</control>
				<control type="label">
					<posx>20</posx>
					<posy>170</posy>
					<width>250</width>
					<height>20</height>
					<font>font11</font>
					<align>left</align>
					<aligny>center</aligny>
					<textcolor>grey2</textcolor>
					<selectedcolor>white</selectedcolor>
					<label>System CPU usage:</label>
				</control>

			<!-- 	<control type="label">
					<width>1200</width>
					<height>50</height>
					<aligny>bottom</aligny>
					<label>$INFO[PVR.ActStreamServiceName,[COLOR button_focus]$LOCALIZE[19099]:[/COLOR] ]</label>
					<font>font14</font>
					<shadowcolor>black</shadowcolor>
				</control> -->
			</control>
		</control>

		<control type="group">
			<control type="grouplist">
				<posx>300</posx>
				<posy>15</posy>
				<control type="label">
					<posx>20</posx>
					<posy>20</posy>
					<width>900</width>
					<height>20</height>
					<font>font11</font>
					<align>left</align>
					<aligny>center</aligny>
					<textcolor>white</textcolor>
					<selectedcolor>white</selectedcolor>
					<label fallback="1446">$INFO[Player.Process(videodecoder)]</label>
				</control>
				<control type="label">
					<posx>20</posx>
					<posy>45</posy>
					<width>900</width>
					<height>20</height>
					<font>font11</font>
					<align>left</align>
					<aligny>center</aligny>
					<textcolor>white</textcolor>
					<selectedcolor>white</selectedcolor>
					<label fallback="1446">$INFO[Player.Process(pixformat)]</label>
				</control>
				<control type="label">
					<posx>20</posx>
					<posy>70</posy>
					<width>900</width>
					<height>20</height>
					<font>font11</font>
					<align>left</align>
					<aligny>center</aligny>
					<textcolor>white</textcolor>
					<selectedcolor>white</selectedcolor>
					<label fallback="1446">$INFO[Player.Process(deintmethod)]</label>
				</control>
				<control type="label">
					<posx>20</posx>
					<posy>95</posy>
					<width>900</width>
					<height>20</height>
					<font>font11</font>
					<align>left</align>
					<aligny>center</aligny>
					<textcolor>white</textcolor>
					<selectedcolor>white</selectedcolor>
					<label fallback="1446">$INFO[Player.Process(videowidth),,x]$INFO[Player.Process(videoheight),, px]$INFO[Player.Process(videodar),$COMMA , AR]$INFO[Player.Process(videofps),$COMMA , FPS]</label>
				</control>
				<control type="label">
					<posx>20</posx>
					<posy>120</posy>
					<width>900</width>
					<height>20</height>
					<font>font11</font>
					<align>left</align>
					<aligny>center</aligny>
					<textcolor>white</textcolor>
					<selectedcolor>white</selectedcolor>
					<label fallback="1446">$INFO[Player.Process(audiodecoder)]$INFO[Player.Process(audiobitspersample),$COMMA , bit]$INFO[Player.Process(audiosamplerate),$COMMA , Hz]</label>
				</control>
				<control type="label">
					<posx>20</posx>
					<posy>145</posy>
					<width>900</width>
					<height>20</height>
					<font>font11</font>
					<align>left</align>
					<aligny>center</aligny>
					<textcolor>white</textcolor>
					<selectedcolor>white</selectedcolor>
					<label>$INFO[System.Memory(used.percent)]</label>
				</control>
				<control type="label">
					<posx>20</posx>
					<posy>170</posy>
					<width>900</width>
					<height>20</height>
					<font>font11</font>
					<align>left</align>
					<aligny>center</aligny>
					<textcolor>white</textcolor>
					<selectedcolor>white</selectedcolor>
					<label>$INFO[System.CpuUsage]</label>
				</control>
			</control>
		</control>
    </controls>
</window>
