<?xml version="1.0" encoding="UTF-8"?>
<window>
	<defaultcontrol always="true">50</defaultcontrol>
	<allowoverlay>no</allowoverlay>
	<views>50,51,53</views>
	<controls>
		<include>CommonBackground</include>
		<control type="group">
			<include>Window_OpenClose_Right_Panel_Animation</include>
			<include>ContentPanel</include>
			<include>ChannelListView</include> <!-- view id = 55 -->
			<include>AllViewCommonPageControls</include>
			<include>CommonFileCount</include>
			<include>ScrollOffsetLabel</include>
		</control>
		<include>PVRMenu</include>
		<control type="image">
			<posx>0</posx>
			<posy>0</posy>
			<width>1280</width>
			<height>128</height>
			<texture>Header.png</texture>
		</control>
		<control type="group">
			<include>Window_OpenClose_Animation</include>
			<include>VisibleFadeEffect</include>
			<left>700</left>
			<top>110</top>

				<control type="group">
					<description>Small Media Window</description>
					<left>0</left>
					<top>5</top>
					<visible>Control.IsVisible(50)</visible>
					<include>VisibleFadeEffect</include>
					<control type="image">
						<left>0</left>
						<top>0</top>
						<width>550</width>
						<height>345</height>
						<texture border="5">button-nofocus.png</texture>
					</control>
					<control type="image">
						<left>5</left>
						<top>5</top>
						<width>540</width>
						<height>335</height>
						<texture fallback="special://skin/backgrounds/tv.jpg">$INFO[Skin.String(Home_Custom_Back_TV_Folder)]</texture>
						<include>VisibleFadeEffect</include>
						<visible>!Player.HasVideo</visible>
					</control>
					<control type="videowindow">
						<left>5</left>
						<top>5</top>
						<width>540</width>
						<height>335</height>
						<visible>Player.HasVideo</visible>
						<animation effect="slide" start="0,0" end="-2000,0" time="0">WindowClose</animation>
					</control>
					<control type="image">
						<left>1</left>
						<top>1</top>
						<width>550</width>
						<height>35</height>
						<texture>black-back.png</texture>
						<colordiffuse>DDFFFFFF</colordiffuse>
						<visible>Player.HasVideo</visible>
					</control>
					<control type="label">
						<description>Current Video label</description>
						<left>30</left>
						<top>1</top>
						<width>490</width>
						<height>35</height>
						<font>font12</font>
						<textcolor>grey2</textcolor>
						<align>center</align>
						<aligny>center</aligny>
						<label>$INFO[Player.Title]</label>
						<visible>Player.HasVideo</visible>
					</control>
				</control>

				<control type="label">
					<left>0</left>
					<top>355</top>
					<width>550</width>
					<height>20</height>
					<font>font12</font>
					<textcolor>white</textcolor>
					<scroll>true</scroll>
					<align>center</align>
					<aligny>center</aligny>
					<label>[B]$INFO[Container(50).ListItem.Title][/B]</label>
				</control>
				<control type="label">
					<left>0</left>
					<top>370</top>
					<width>70</width>
					<height>20</height>
					<align>right</align>
					<aligny>center</aligny>
					<font>font10_title</font>
					<textcolor>grey2</textcolor>
					<visible>Container(50).ListItem.HasEpg</visible>
					<label>$INFO[Container(50).ListItem.StartTime]</label>
				</control>
				<control type="progress">
					<description>Progressbar</description>
					<left>75</left>
					<top>380</top>
					<width>400</width>
					<height>8</height>
					<visible>Container(50).ListItem.HasEpg</visible>
					<info>Container(50).ListItem.Progress</info>
				</control>
				<control type="label">
					<left>480</left>
					<top>370</top>
					<width>70</width>
					<height>20</height>
					<align>left</align>
					<aligny>center</aligny>
					<font>font10_title</font>
					<textcolor>grey2</textcolor>
					<visible>Container(50).ListItem.HasEpg</visible>
					<label>$INFO[Container(50).ListItem.EndTime]</label>
				</control>
				<control type="image">
					<posx>0</posx>
					<posy>394</posy>
					<width>550</width>
					<height>2</height>
					<texture>separator.png</texture>
					<visible>Container(50).ListItem.HasEpg</visible>
				</control>
				<control type="textbox">
					<description>Plot Value for Item</description>
					<left>0</left>
					<top>400</top>
					<width>540</width>
					<height>120</height>
					<font>font11</font>
					<align>justify</align>
					<textcolor>white</textcolor>
					<pagecontrol></pagecontrol>
					<label>$INFO[Container(50).ListItem.Plot]</label>
					<autoscroll time="2000" delay="3000" repeat="5000">true</autoscroll>
				</control>
				<control type="label">
					<left>0</left>
					<top>530</top>
					<width>550</width>
					<height>20</height>
					<font>font12</font>
					<textcolor>grey2</textcolor>
					<align>right</align>
					<aligny>center</aligny>
					<scroll>false</scroll>
					<visible>!IsEmpty(Container(50).ListItem.NextTitle)</visible>
					<label>$LOCALIZE[19031]: $INFO[Container(50).ListItem.NextTitle]</label>
				</control>
			</control>

		<control type="label">
			<include>WindowTitleCommons</include>
			<label>$LOCALIZE[9] - $LOCALIZE[31400]</label>
		</control>
		<include>WindowTitleButtonsMedia</include>
		<include>BehindDialogFadeOut</include>
	</controls>
</window>
